ranking,Korean_word,etymology,Japanese_meaning,memo,part_of_speech,hint,grade
1195,가게,,店,,명,,A
898,가격,,価格,,명,價格,B
7434,가구,,家具,,명,家具,B
4964,가까워지다,,近づく,,동,,B
1695,가까이,,近くに,,부,,B
648,가깝다,,近い,,형,,A
1747,가꾸다,,（植物を）育てる、（身だしなみを）整える,,동,,B
852,가끔,,時々、たまに,,부,,A
1716,가난하다,,貧しい,,형,,B
2757,가늘다,,細い,,형,,B
483,가능성,,可能性,,명,可能性,B
501,가능하다,,可能だ,,형,可能-,B
25,가다,,行く,,동,,A
1196,가득,,（容れ物に）いっぱいに,,부,~ 차다,B
3561,가득하다,,（容れ物に）いっぱいだ,,형,,B
9014,가로,,横に,,명,~와 세로,B
2789,가루,,粉,,명,분필 ~,B
698,가르치다,,教える,,동,,A
2913,가리다01,,遮る,,동,시야를 ~,B
2305,가리다02,,区別する,,동,시비를 ~,B
1367,가리키다,,示す,,동,,B
1706,가만히,,じっと、何もせず,,부,,B
1530,가방,,カバン,,명,~을 메다,A
1189,가볍다,,軽い,,형,,A
2000,가수,,歌手,,명,歌手,A
2053,가스,,ガス,,명,gas,B
384,가슴,,胸,,명,,A
3904,가슴속,,胸の内,,명,,B
6526,가요,,歌謡、大衆曲,,명,歌謠,B
264,가운데,,中央,,명,,A
6172,가위,,鋏[はさみ],,명,기구,B
1268,가을,,秋,,명,,A
5167,가이드,,ガイド,,명,guide,B
127,가장,,最も,,부,,A
715,가정,,過程,,명,家庭,B
3512,가져가다,,持っていく,,동,,B
5704,가져다주다,,持っていってあげる、持ってきてくれる,,동,,B
1060,가져오다,,持ってくる,,동,,A
409,가족,,家族,,명,家族,A
5072,가죽,,革、（動物の）皮膚,,명,,B
2124,가지01,,枝,,명,~를 치다,B
129,가지02,,～種類,,의,한 ~,B
94,가지다,,持つ、所有する,「所有する、備えている」という意味であり、「（物理的に手に）持つ」という意味はない。,동,,A
4668,가짜,,偽物、偽者,,명,假-,B
422,각,,各,,관,各,B
751,각각,,各々、それぞれ,,부,各各,B
2885,각국,,各国,,명,各國,B
3562,각자,,各自,,부,各自,B
815,각종,,各種,,명,各種,B
335,간,,～間,,의,間. 서울과 부산 ~,B
1336,간단하다,,簡単だ、単純だ,「易しい」という意味よりも「単純だ」という意味が強い。,형,簡單-,B
2987,간단히,,簡単に,,부,簡單-,B
8290,간식,,おやつ、間食,,명,間食,B
3100,간장,,醤油,,명,#NAME?,B
7438,간호사,,看護師,,명,看護師,A
6736,갈다01,,替える,,동,바꾸다,B
2401,갈다02,,歯ぎしりをする,,동,문지르다,B
12246,갈비,,カルビ（肋骨付近の肉）,,명,,A
38470,갈비탕,,カルビタン,牛の骨付きあばら肉を煮込んだスープ,명,#NAME?,B
3342,갈색,,茶色,,명,褐色,B
4035,갈아입다,,着替える,,동,,B
9018,갈아타다,,乗り換える,,동,,B
8293,감,,柿,,명,과일,B
3343,감기,,風邪,,명,感氣,A
2125,감다,,（目を）閉じる,,동,눈을 ~,B
2432,감동,,感動,,명,感動,B
6352,감사,,感謝,,명,感謝,A
4966,감사하다,,感謝する,,동,感謝-,A
6530,감상,,鑑賞,,명,鑑賞,B
4321,감상하다,,鑑賞する,,동,鑑賞-,B
3513,감자,,ジャガイモ,,명,,B
846,감정,,感情,,명,感情,B
475,갑자기,,急に、突然,,부,,A
788,값,,値段,,명,,A
1812,강,,大きな川,,명,江,A
8651,강당,,講堂,,명,講堂,B
4967,강도,,強盗,,명,强盜,B
2988,강물,,大きな川の水,,명,江-,B
14028,강아지,,子犬,,명,,B
,강원도,,江原道,韓国に八つある道（大きな地方の単位）のうちの一つ。朝鮮半島の中央部の東側に位置する。,고,江原道,B
2275,강제,,強制,,명,强制,B
631,강조하다,,強調,,동,强調-,B
584,강하다,,強い,,형,强-,B
190,갖다,,持つ、所有する,「가지다」の短縮形。,동,가지다,B
22,같다,,同じだ、～のようだ,「<名詞>하고 같다」は「<名詞>と同じだ」という意味だが、「<名詞> 같다」では「<名詞>のようだ」という意味。,형,,A
203,같이,,一緒に,,부,,A
1569,개01,,犬,,명,동물,A
85,개02,,～個,,의,個,A
4486,개구리,,蛙,,명,,B
7440,개나리,,レンギョウ,,명,,B
1269,개발하다,,開発する,,동,開發-,B
799,개월,,～ヶ月,,의,個月,A
562,개인,,個人,,명,個人,B
2758,개인적,,個人的,,명,個人的,B
1228,걔,,その子、そいつ,,불,그 아이,B
20,거01,,,,의,것,A
3102,거02,,もの、こと,「것」の話し言葉。,대,것,A
293,거기,,そこ,,대,,A
1258,거리01,,町の通り,,명,길~,A
9901,거리02,,～になるようなもの,例えば「이야기 거리」は「話のネタ」。,의,반찬~,B
2675,거실,,リビング,,명,居室,B
2109,거울,,鏡,,명,,A
306,거의,,ほとんど,,부,,B
4039,거짓,,偽[いつわ]り、偽[にせ],,명,,B
2246,거짓말,,嘘,,명,,B
1129,걱정,,心配,,명,,A
10384,걱정되다,,心配だ,,동,,B
5850,걱정스럽다,,心配だ,,형,,B
2491,걱정하다,,心配する,,동,,A
647,건강,,健康,,명,健康,A
1297,건강하다,,健康だ、元気だ,,형,健康-,A
4255,건너가다,,渡る、渡っていく,,동,,B
2276,건너다,,渡る,,동,,B
7167,건너오다,,渡る、渡ってくる,,동,,B
5448,건너편,,向こう側,,명,#NAME?,B
649,건물,,建物,,명,建物,A
2790,건지다,,すくいあげる,,동,,B
2616,건축,,建築,,명,建築,B
546,걷다,,歩く,,동,느릿느릿 ~,A
716,걸다,,掛ける,,동,옷을 ~,A
380,걸리다,,掛かる,,동,'걸다'의 피동사,B
1970,걸어가다,,歩く、歩いていく,,동,,A
4041,걸어오다,,歩く、歩いてくる,,동,집까지 ~,A
1647,걸음,,歩み,,명,,B
1585,검다,,黒い,,형,색깔이 ~,B
1512,검사,,検査,,명,檢査,B
3064,검은색,,黒、黒色,,명,#NAME?,A
38923,검정색,,黒、黒色,,명,#NAME?,B
2644,겁,,恐れ、[怖気>おじけ],例えば「겁이 많다」は「気が小さい」という意味。,명,怯,B
1,것,,もの、こと,,의,,A
2759,겉,,外側,,명,,B
1415,게다가,,その上,,부,,B
877,게임,,ゲーム,,명,game,A
1648,겨우,,ようやく、どうにか,,부,,B
920,겨울,,冬,,명,,A
6009,겨울철,,冬の季節,,명,,B
1341,견디다,,耐える,,동,,B
211,결과,,結果,,명,結果,B
352,결국,,結局,,명,結局,B
3623,결심하다,,決心する,,동,決心-,B
1092,결정,,決定,,명,決定,B
1986,결정되다,,決定する、決まる,,동,決定-,B
1033,결정하다,,決定する、決める,,동,決定-,B
601,결혼,,結婚,,명,結婚,A
3389,결혼식,,結婚式,,명,結婚式,A
1130,결혼하다,,結婚する,,동,結婚-,A
739,경기,,競技,,명,競技,B
,경기도,,京畿道,韓国に八つある道（大きな地方の単位）のうちの一つ。朝鮮半島の中央部の西側に位置する。,고,京畿道,B
3624,경기장,,競技場,,명,競技場,B
,경복궁,,景福宮,,고,景福宮,A
,경상도,,慶尚道,韓国に八つある道（大きな地方の単位）のうちの一つ。朝鮮半島の南東部に位置する。,고,慶尙道,B
1034,경영,,経営,,명,經營,B
65,경우,,場合,,명,境遇,B
200,경제,,経済,,명,經濟,B
2492,경제적,,経済的,,명,經濟的,B
,경주,,慶州,,고,慶州,A
632,경찰,,警察,,명,警察,A
2329,경찰관,,警察官,,명,警察官,A
3214,경찰서,,警察署,,명,警察署,A
5452,경치,,景色,,명,景致,A
585,경험,,経験,,명,經驗,B
2170,경험하다,,経験する,,동,經驗-,B
1586,곁,,隣、横,,명,,B
2206,계단,,階段,,명,階段,B
6951,계란,,鶏の卵,,명,鷄卵,A
1827,계산,,計算、会計,,명,計算,B
3390,계산기,,計算機,,명,計算器,B
2916,계산하다,,計算する、会計する,,동,計算-,B
405,계속,,続けて、継続,,부,繼續,A
1075,계속되다,,続く、継続する,,동,繼續-,B
1149,계속하다,,続ける、継続する,,동,繼續-,B
1163,계시다,,いらっしゃる,「있다」の尊敬語。,동,,A
2350,계약,,契約,,명,契約,B
2520,계절,,季節,,명,季節,A
400,계획,,計画,,명,計劃,A
4862,계획하다,,計画する,,동,計劃-,B
403,고개,,頭,頭の向きに関する表現で用いられる。,명,~를 돌리다,B
1717,고객,,顧客,,명,顧客,B
3968,고교,,高校,,명,高校,B
7996,고구마,,サツマイモ,,명,,B
1915,고급,,高級、上級,,명,高級,B
1055,고기,,肉,,명,,A
1337,고등학교,,高校,,명,高等學校,A
7445,고등학생,,高校生,,명,高等學生,A
1490,고려하다,,考慮する,,동,考慮-,B
1496,고르다01,,選ぶ,,동,뽑다,B
5175,고르다02,,平坦だ,,형,차이가 없다,B
857,고맙다,,ありがたい,,형,,A
1848,고모,,おば、父親の姉妹,,명,姑母,B
8668,고모부,,おじ、父親の姉妹の夫,,명,姑母夫,B
1748,고민,,悩み,,명,苦悶,B
3104,고민하다,,悩む,,동,苦悶-,B
1916,고생,,苦労,,명,苦生,B
3065,고생하다,,苦労する,,동,苦生-,B
6178,고속,,高速,,명,高速,B
5176,고속도로,,高速道路,,명,高速道路,B
11580,고속버스,,高速バス,,명,高速bus,B
1987,고양이,,猫,,명,,A
1480,고장01,,里[さと],,명,지역,B
3625,고장02,,故障,,명,故障,B
2126,고추,,唐辛子,,명,,B
6014,고추장,,唐辛子味噌,,명,#NAME?,B
9916,고춧가루,,唐辛子を乾燥させた粉,,명,,B
1503,고치다,,直す、修理する,,동,,B
986,고통,,苦痛,,명,苦痛,B
5860,고프다,,（お腹が）空[す]く,,형,,A
593,고향,,故郷,,명,故鄕,A
307,곧,,すぐに,,부,,A
3215,곧바로,,すぐに,,부,,B
2821,골목,,路地,,명,,B
7448,골목길,,路地,,명,,B
5717,골프,,ゴルフ,,명,golf,B
6015,골프장,,ゴルフ場,,명,golf場,B
4671,곰,,熊,,명,동물,B
1326,곱다,,美しい,「아름답다」や「예쁘다」より古めかしい表現。,형,아름답다,B
116,곳,,ところ,「데」に比べると書き言葉的。,명,,A
2589,곳곳,,複数の場所,,명,,B
988,공,,ボール,,명,축구~,A
623,공간,,空間,,명,空間,B
1433,공기,,空気,,명,空氣,B
953,공동,,共同,,명,共同,B
1865,공무원,,公務員,,명,公務員,B
490,공부,,勉強,,명,工夫,A
807,공부하다,,勉強する,,동,工夫-,A
1374,공사,,工事,,명,工事,B
1067,공연,,公演,,명,公演,B
2950,공원,,公園,,명,公園,A
685,공장,,工場,,명,工場,B
8672,공중전화,,公衆電話,,명,公衆電話,A
6540,공짜,,無料,,명,空-,B
5179,공책,,ノート,,명,空冊,A
2433,공항,,空港,,명,空港,A
20070,공항버스,,空港バス,,명,空港bus,B
9466,공휴일,,国定休日,,명,公休日,A
996,과,,課,,명,課,A
549,과거,,過去,,명,過去,B
2704,과목,,科目,,명,科目,B
1491,과일,,果物,,명,,A
4402,과자,,菓子,,명,菓子,A
2351,과장,,課長,,명,課長,B
1259,과제,,課題,,명,課題,B
346,과학,,科学,,명,科學,B
1718,과학자,,科学者,,명,科學者,B
2734,과학적,,科学的,,명,科學的,B
1814,관객,,観客,,명,觀客,B
152,관계,,関係,,명,關係,B
1719,관광,,観光,,명,觀光,B
3730,관광객,,観光客,,명,觀光客,B
7182,관광지,,観光地,,명,觀光地,B
420,관련,,関連,,명,關聯,B
1288,관련되다,,関連する,,동,關聯-,B
1481,관련하다,,関連する,,동,關聯-,B
858,관리,,管理,,명,管理,B
312,관심,,関心、興味,,명,關心,B
2070,관찰하다,,観察する,,동,觀察-,B
301,관하다,,関する,,동,關-,B
316,광고,,広告,,명,廣告,B
,광주,,光州,,고,光州,B
813,괜찮다,,大丈夫だ、悪くない,,형,,A
2071,괜히,,大した理由もなく,,부,,B
3516,괴롭다,,苦しい,,형,,B
2190,굉장히,,非常に,,부,宏壯-,B
2887,교과서,,教科書,,명,敎科書,A
2402,교류,,交流,,명,交流,B
6961,교문,,校門,,명,校門,B
371,교수,,教授、大学の先生,,명,敎授,A
1339,교실,,教室,,명,敎室,A
198,교육,,教育,,명,敎育,B
1249,교통,,交通,,명,交通,A
3517,교통사고,,交通事故,,명,交通事故,B
7186,교포,,僑胞、海外に住む韓国系の人々,,명,僑胞,B
3107,교환,,交換,,명,交換,B
1708,교회,,（クリスチャンの）教会,カトリックの教会は「성당」という。,명,敎會,A
10999,구,,9,,수,九,A
2705,구경,,見物、興味をもって見ること,,명,,A
3176,구경하다,,見物する、興味をもって見る,,동,,B
3217,구두,,革靴,,명,,A
2493,구름,,雲,,명,,A
2055,구멍,,穴,,명,,B
,구십,,90,,수,九十,A
1076,구월,,9月,,명,九月,A
769,구체적,,具体的,,명,具體的,B
1125,구하다01,,探し出す、見つけ出す,,동,求-,B
6187,구하다02,,救う,,동,救-,B
3732,국,,スープ料理,,명,음식,B
141,국가,,国家,,명,國家,B
8014,국기,,国旗,,명,國旗,B
447,국내,,国内,,명,國內,B
9934,국립,,国立,,명,國立,B
3177,국물,,スープ,,명,,B
235,국민,,国民,,명,國民,B
6022,국수,,麺,,명,,B
3108,국어,,国語,,명,國語,B
878,국제,,国際,,명,國際,B
2545,국회의원,,国会議員,,명,國會議員,B
1759,군01,,～君,古風な言い方。,의,君,B
659,군02,,軍,,명,軍,B
1531,군대,,軍隊,,명,軍隊,B
3519,군데,,～か所,,의,,B
2434,군인,,軍人,,명,軍人,A
2435,굳이,,わざわざ,,부,,B
1937,굵다,,太い,,형,,B
1892,굽다,,焼く,,동,익히다,B
1849,궁금하다,,知りたくて気になる,,형,,B
1672,권,,～冊,,의,卷,A
6963,권투,,ボクシング,,명,拳鬪,B
2330,권하다,,薦める,,동,勸-,B
840,귀,,耳,,명,,A
5725,귀국,,帰国,,명,歸國,B
3307,귀국하다,,帰国する,,동,歸國-,B
2617,귀엽다,,（赤ん坊や小動物が）可愛い,女性やアクセサリーに関する「可愛い」は「예쁘다」を使う。,형,,B
2127,규칙,,規則,,명,規則,B
4117,규칙적,,規則的,,명,規則的,B
9,그01,,その,,관,,A
15,그02,,彼,書き言葉,대,,A
1164,그03,,その…,何か言いにくいことがある時に使う言葉。,감,,A
139,그거,,それ,「그것」の省略形。,대,,A
48,그것,,それ,,대,,A
860,그곳,,そこ,,대,,A
672,그날,,その日,,명,,A
303,그냥,,ただ、大した理由もなく、深く考えずに,,부,,B
2436,그늘,,日陰,,명,,B
2852,그다음,,その次,,명,,B
2463,그다지,,あまり（～ない）、大して（～ない）,否定表現と共に用いられる。,부,,B
340,그대로,,そのまま、変化なしに,,부,,B
473,그동안,,あれから,,명,,A
187,그때,,その時,,명,,A
330,그래01,,そう,,감,,A
1229,그래02,,そうして,,불,그리하여,A
692,그래도,,でも、しかし,,불,그리하여도,B
134,그래서,,だから、そのため,,부,,A
1553,그램,,～グラム,,의,gram,B
34,그러나,,しかし,,부,,A
785,그러니까,,だから,,부,,A
636,그러면,,そしたら,,부,,A
1127,그러므로,,そのため,,부,,B
426,그러하다,,そうである,,형,,B
54,그런,,そんな,,관,,B
142,그런데,,しかし、ところで,,부,,A
457,그럼01,,もちろん,,부,'그러면'의 준말,A
2736,그럼02,,では、じゃあ,,감,,A
,그렇게,,そうして,,불,그러하게,B
38,그렇다,,そうだ,,형,,A
3393,그렇지,,その通り,,감,,B
1120,그렇지만,,しかし、そうだが,,부,,A
879,그룹,,グループ,,명,group,B
1563,그릇,,器、食器,,명,,A
1388,그리,,そうして,,부,그러한 모양,B
52,그리고,,そして,,부,,A
439,그리다,,描く,,동,그림을 ~,A
362,그림,,絵,,명,,A
1504,그림자,,影,,명,,B
3853,그립다,,恋しい,,형,,B
745,그만,,それ以上～しない,例えば「그만 먹다」は「食べるのをやめる」を意味する。,부,그 정도까지만,B
1866,그만두다,,やめる,,동,,B
1532,그만큼,,そのぐらい,,부,,B
6550,그만하다,,やめる,,형,,B
2706,그분,,その方[かた],,대,,A
1085,그중,,その中,,명,#NAME?,B
3027,그쪽,,そっち、あなた,,대,,A
1150,그치다,,止[や]む,,동,,B
3794,그해,,その年,,명,,B
2331,극장,,劇場,,명,劇場,A
563,근데,,でも、しかし,「그런데」の省略形。,부,그런데,B
1971,근로자,,勤労者,,명,勤勞者,B
2707,근무,,勤務,,명,勤務,B
2761,근무하다,,勤務する,,동,勤務-,B
1151,근처,,近く、近所,,명,近處,A
252,글,,文章,,명,,B
1972,글쎄,,さあ,,감,,B
2403,글쓰기,,作文,,명,,B
3976,글씨,,文字,,명,,B
1564,글자,,文字,,명,#NAME?,B
5323,금,,金,,명,金,B
3262,금년,,今年,「올해」よりも固い表現。,명,今年,B
1597,금방,,すぐに,,부,今方,B
5868,금연,,禁煙,,명,禁煙,B
7714,금요일,,金曜日,,명,金曜日,A
2591,금지,,禁止,,명,禁止,B
4774,금지하다,,禁止する,,동,禁止-,B
1289,급,,級,,명,級,A
2437,급하다,,急いでいる、緊急だ,,형,急-,B
2952,긍정적,,肯定的,,명,肯定的,B
678,기간,,期間,,명,期間,B
910,기계,,機械,,명,機械,B
298,기다리다,,待つ,,동,,A
1442,기대,,期待,,명,期待,B
1303,기대하다,,期待する、楽しみにする,,동,期待-,B
6758,기도,,祈り、祈祷,,명,祈禱,B
1261,기록하다,,記録する,,동,記錄-,B
882,기르다,,育てる,,동,,B
1893,기름,,油、脂,,명,,B
842,기본,,基本,,명,基本,B
525,기분,,気分、気持ち,,명,氣分,A
3308,기뻐하다,,喜ぶ,,동,,B
1625,기쁘다,,嬉しい,,형,,B
1633,기쁨,,喜び,,명,,B
4775,기사01,,技士,,명,技士,B
1342,기사02,,記事,,명,記事,B
4776,기숙사,,寮、寄宿舎,,명,寄宿舍,A
328,기술,,技術、技,,명,技術,B
847,기억,,記憶,,명,記憶,B
7464,기억나다,,思い出す,,동,記憶-,B
1905,기억하다,,覚えている、記憶する,,동,記憶-,B
2379,기온,,気温,,명,氣溫,B
2822,기운,,元気,,명,,B
637,기자,,記者,,명,記者,B
779,기준,,基準,,명,基準,B
2919,기차,,長距離列車,,명,汽車,A
1235,기초,,基礎,,명,基礎,B
7466,기침,,咳,,명,,B
6372,기타,,その他,,명,guitar,B
770,기회,,機会,,명,機會,B
2464,긴장,,緊張,,명,緊張,B
3856,긴장하다,,緊張する,,동,緊張-,B
173,길,,道,,명,도로,A
4588,길가,,長い,,명,,B
6760,길거리,,通り、街頭,,명,,B
386,길다,,長い,,형,밤이 ~,A
1283,길이,,長さ,,명,,B
4405,김,,海苔,,명,해초,B
7720,김밥,,海苔巻き,,명,,A
2207,김치,,キムチ,,명,,A
16599,김치찌개,,キムチチゲ,,명,,B
,김포공항,,金浦空港,,고,金浦空港,B
461,깊다,,深い,,형,,B
3224,깊이01,,深さ,,명,,B
1634,깊이02,,深く,,부,,B
954,까닭,,理由,,명,,B
26135,까만색,,黒、黒色,,명,#NAME?,B
3264,까맣다,,黒い,,형,,B
2465,깎다,,削る,,동,,A
9500,깜빡,,うっかりして,,부,,B
2762,깜짝,,びっくり,,부,놀라는 모양,B
1939,깨끗이,,きれいに,,부,,B
1471,깨끗하다,,（汚れておらず）きれいだ、清潔だ,,형,,A
2277,깨다01,,覚める,,동,술이 ~,B
3394,깨다02,,割る,,동,그릇을 ~,B
2792,깨지다,,割れる,,동,깨어지다,B
791,꺼내다,,取り出す,,동,,B
3795,꺼지다,,消える,,동,불이 ~,B
4262,껌,,ガム,,명,gum,B
2309,껍질,,（果物などの）皮,,명,,B
397,꼭,,必ず、是非,,부,반드시,A
3796,꼭대기,,頂上,,명,,B
470,꽃,,花,,명,,A
6761,꽃잎,,花びら,,명,,B
1608,꽤,,かなり,,부,,B
3028,꾸다,,（夢を）見る,,동,꿈을 ~,B
1635,꾸미다,,飾る,,동,,B
2889,꾸준히,,根気よく,,부,,B
4982,꿀,,蜜,,명,,B
535,꿈,,夢,,명,,A
3071,꿈꾸다,,夢見る,,동,,B
5873,꿈속,,夢の中,,명,,B
2495,끄다,,消す,,동,불을 ~,A
2208,끄덕이다,,頷く,,동,,B
1614,끊다,,（つながっているものを）切る,,동,,B
3797,끊어지다,,（つながっているものが）切れる,,동,,B
568,끌다,,引っ張る,,동,,B
2854,끓다,,沸く、沸騰する,,동,,B
1416,끓이다,,沸かす、沸騰させる,,동,,B
333,끝,,終わり、最後,,명,,A
376,끝나다,,終わる,,동,,A
2332,끝내,,最後まで（＋否定表現）、とうとう（＋肯定表現）,,부,,B
1452,끝내다,,終える,,동,,A
4331,끼다01,,（雲が）かかる,,동,구름이 ~,B
2072,끼다02,,挟む,,동,끼우다,B
8,나,,僕、俺、あたし,主に敬語を使わない相手に対して用いる1人称。,대,,A
196,나가다01,,出る、出ていく,,동,,A
368,나가다02,,出る、出ていく,,보,,A
304,나누다,,分ける,,동,,B
104,나다,,出る,,동,,A
226,나라,,国[くに],,명,,A
1290,나머지,,残り、余り,,명,,B
540,나무,,木,,명,,A
4047,나물,,ナムル、野菜をゴマ油であえた料理,,명,,B
3225,나뭇가지,,木の枝,,명,,B
4778,나뭇잎,,木の葉,,명,,B
5874,나비,,蝶,,명,,B
6379,나빠지다,,悪くなる,,동,,B
873,나쁘다,,悪い,,형,,A
458,나서다,,自ら進み出る,,동,,B
50,나오다,,出る、出てくる,,동,,A
429,나이,,年,,명,,A
1018,나중,,後[あと]、今度,,명,,A
160,나타나다,,現れる,,동,,B
588,나타내다,,表す,,동,,B
11024,나흘,,4日（の間）,,명,,B
5328,낙엽,,落ち葉,,명,落葉,B
2278,낚시,,釣り,,명,,B
143,날,,日[ひ],,명,어느 ~,A
2073,날개,,翼,,명,,B
2230,날다,,飛ぶ,,동,,A
1291,날씨,,天気,天候を表現する際に「날씨가 춥다（直訳：天気が寒い）」のように用いられることが多いが、日本語に訳す際には省略した方が自然な訳となる。,명,,A
2380,날아가다,,飛ぶ、飛んでいく,,동,,B
2855,날아오다,,飛ぶ、飛んでくる,,동,,B
2994,날짜,,日付,,명,,A
1940,낡다,,古い、年季が入っている,,형,,B
6380,남01,,他人,,명,男,B
8324,남02,,南,,명,南,B
1056,남기다,,残す,,동,,B
1068,남녀,,男女,,명,男女,A
290,남다,,残る,,동,,B
,남대문,,南大門,,고,南大門,A
,남대문시장,,南大門市場,,고,南大門市場,A
9077,남동생,,弟,,명,男-,A
4590,남매,,男女が混じったきょうだい、兄と妹もしくは姉と弟,,명,男妹,B
,남산,,南山,,고,南山,B
742,남성,,男性,,명,男性,B
154,남자,,男の人,,명,男子,A
1598,남쪽,,南,,명,南-,A
255,남편,,夫,,명,男便,A
5594,남학생,,男子学生,,명,男學生,A
3226,낫다01,,治る,,동,병이 ~,B
1696,낫다02,,ましだ,,형,더 좋다,B
1184,낮,,昼,,명,,A
974,낮다,,低い,,형,,A
2209,낯설다,,馴染みがない,,형,,B
433,낳다,,産む,,동,,B
2405,내내,,ずっと,,부,,B
1941,내년,,来年,,명,來年,A
1069,내놓다,,差し出す,,동,,B
167,내다01,,出す,,동,길을 ~,A
182,내다02,,出す,,보,참아 ~,A
1041,내려가다,,降りる、降りていく,,동,,A
3310,내려놓다,,下ろす,,동,,B
3029,내려다보다,,下を見る,,동,,B
894,내려오다,,降りる、降りてくる,,동,,A
243,내리다,,降りる,,동,눈이 ~,A
1545,내밀다,,差し出す,,동,,B
212,내용,,内容,,명,內容,B
1270,내일,,明日,,명,來日,A
2592,내지,,もしくは,,부,乃至,B
4877,냄비,,鍋,調理道具としての「鍋」を意味し、「鍋料理」の意味はない。,명,,B
1061,냄새,,匂い,,명,,B
13192,냉면,,冷麺,,명,冷麵,A
3311,냉장고,,冷蔵庫,,명,冷藏庫,A
100,너,,お前、君,敬語を用いない相手に用いる2人称代名詞。,대,,A
2231,너머,,越[ご]し,,명,,B
225,너무,,あまりにも、～すぎる,話し言葉では「とても～」の意味で使われることもある。,부,,A
1152,너무나,,あまりにも,,부,,B
1588,너희,,お前たち、君たち,「너」の複数形。,대,,B
638,넓다,,広い,,형,,A
4780,넓어지다,,広くなる,,동,,B
2763,넓히다,,広げる,,동,,B
476,넘다,,超える、過ぎる,,동,,B
1615,넘어가다,,超える、過ぎる、超えていく、過ぎていく,,동,,B
1697,넘어서다,,超える、過ぎる,,동,,B
4332,넘어지다,,転ぶ,,동,,B
2172,넘치다,,溢れる,,동,,B
219,넣다,,入れる,,동,,A
1304,네01,,4つの,,관,,A
357,네02,,はい,,감,,A
8328,네거리,,交差点、十字路,,명,,B
6766,넥타이,,ネクタイ,,명,necktie,A
6980,넷,,4,,수,,A
6198,넷째,,4つ目,,수,,A
2074,녀석,,～奴[やつ],,의,,B
26,년,,年,,의,年,A
345,년대,,年代,,의,年代,B
2890,년도,,年度,,의,年度,B
792,노동자,,労働者,,명,勞動者,B
8329,노란색,,黄色,,명,#NAME?,A
3109,노랗다,,黄色い,,형,,B
487,노래,,歌,,명,,A
3977,노래방,,カラオケ,,명,#NAME?,B
3398,노래하다,,歌う,,동,,A
7474,노랫소리,,歌い声,,명,,B
494,노력,,努力,,명,努力,B
944,노력하다,,努力する,,동,努力-,B
1086,노인,,老人,,명,老人,B
8031,노트,,ノート,,명,note,A
4265,녹색,,緑、緑色,,명,綠色,B
8699,녹음,,録音,,명,錄音,B
8330,녹음하다,,録音する,,동,錄音-,B
16643,녹차,,緑茶,,명,綠茶,B
1417,논문,,論文,,명,論文,B
2953,논의하다,,話し合う、論議する,,동,論議-,B
418,놀다,,遊ぶ,,동,,A
594,놀라다,,驚く,,동,,A
1829,놀랍다,,驚くような,,형,,B
1177,놀이,,遊び,,명,,B
7731,놀이터,,遊び場,,명,,B
9968,농구,,バスケットボール,,명,籠球,B
2856,농담,,冗談,,명,弄談,B
1472,농사,,農業、農事,,명,農事,B
723,농업,,農業,,명,農業,B
1493,농촌,,農村,,명,農村,B
277,높다,,高い（高低の）,,형,,A
1657,높아지다,,高くなる（高低の）,,동,,B
2210,높이01,,高さ,,명,,B
2566,높이02,,高く,,부,,B
1153,높이다,,高くする,,동,,B
415,놓다,,置く,,동,,A
1319,놓이다,,置かれる,,동,,B
2173,놓치다,,逃す,,동,,B
114,누구,,誰,,대,,A
1140,누나,,（男性から見た）姉,,명,,A
1599,누르다,,押す,,동,힘을 가하다,B
107,눈01,,目,,명,신체의 일부,A
1505,눈02,,雪,,명,~이 내리다,A
814,눈물,,涙,,명,,A
2075,눈빛,,眼光,,명,~이 매섭다,B
3030,눈썹,,眉毛,,명,,B
1943,눈앞,,目の前,,명,,B
981,눕다,,横になる,,동,,B
914,뉴스,,ニュース,,명,news,A
,뉴욕,,ニューヨーク,,고,New York,B
1011,느껴지다,,感じられる,,동,,B
222,느끼다,,感じる,,동,추위를 ~,B
401,느낌,,感じ,,명,,B
3860,느리다,,遅い,,형,,B
707,늘,,いつも,,부,,B
1427,늘다,,増える,,동,,B
1636,늘리다,,増やす,,동,,B
809,늘어나다,,増える,,동,,B
1658,늙다,,年をとる、老いる,,동,,B
502,능력,,能力,,명,能力,B
949,늦다01,,遅い,,형,,A
3630,늦다02,,遅れる,,동,,A
89,다,,全部、皆,物にも人にも使える。,부,,A
2279,다가가다,,近づく、近づいていく,,동,,B
1262,다가오다,,近づく、近づいてくる,,동,,B
7736,다녀가다,,寄る、寄っていく,,동,,B
1876,다녀오다,,寄る、寄ってくる,,동,,A
284,다니다,,通う,,동,,A
163,다르다,,違う、異なる,,형,,A
82,다른,,他の、別の,,관,,A
747,다리01,,脚,,명,신체의 일부,A
2466,다리02,,橋,,명,교량,A
7476,다섯,,5,,수,,A
15360,다섯째,,5番目,,수,,A
2891,다수,,多数,,명,多數,B
81,다시,,また,,부,,A
595,다양하다,,多様だ,,형,多樣-,B
112,다음,,次,,명,,A
11043,다이어트,,ダイエット,,명,diet,B
3110,다치다,,傷つく,,동,,B
1506,다하다,,終える,,동,,B
3915,다행히,,幸いに,,부,多幸-,B
810,닦다,,拭く,,동,,A
2001,단,,単～,,관,單,B
9084,단맛,,甘い味,,명,,B
1217,단순하다,,単純だ,,형,單純-,B
1804,단순히,,単純に,,부,單純-,B
2192,단어,,単語,,명,單語,A
4335,단점,,短所,,명,短點,B
1380,단지01,,ただ,,부,但只,B
2076,단지02,,団地,,명,團地,B
498,단체,,団体,,명,團體,B
1959,닫다,,閉める,,동,,A
4413,닫히다,,閉まる,,동,,B
620,달01,,～月,,의,,A
1115,달02,,月[つき],,명,,A
2438,달걀,,鶏の卵,,명,,B
1877,달다01,,付ける,,동,단추를 ~,B
3980,달다02,,くれる（命令形や引用でのみ用いる）,,동,돈을 다오,B
4881,달다03,,甘い味,,형,맛,A
899,달라지다,,変わる,,동,,B
8336,달러,,ドル,,명,dollar,A
1805,달려가다,,走る、走っていく,,동,,B
2593,달려오다,,走る、走ってくる,,동,,B
5088,달력,,カレンダー、暦,,명,#NAME?,A
1790,달리다01,,付いている,,동,문에 종이 ~,B
867,달리다02,,走らせる,,동,말을 ~,B
6036,달빛,,月明り,,명,,B
2710,달아나다,,逃げる,,동,,B
2857,닭,,鶏,,명,,A
7478,닭고기,,鶏の肉,,명,,A
2211,닮다,,似る,,동,,B
2920,담그다,,漬ける,,동,,B
1616,담기다,,入っている、容れられている,,동,담다,B
609,담다,,容れる,,동,넣다,B
2496,담당하다,,担当する,,동,擔當-,B
679,담배,,タバコ,,명,,A
9089,담요,,絨毯,,명,,B
2858,담임,,担任,,명,擔任,B
2618,답답하다,,思い通りにならずもどかしい,,형,,B
7738,답장,,返事、返信,,명,答狀,B
3228,답하다,,答える,,동,答-,B
14205,닷새,,5日間,,명,,B
3312,당근,,人参,,명,,B
3140,당기다,,引っ張る,,동,,B
217,당신,,あなた,,대,當身,B
1311,당연하다,,当然だ,,형,當然-,B
2567,당연히,,当然,,부,當然-,B
1320,당장,,今すぐ,,명,當場,B
2619,당황하다,,慌てる,,동,唐慌-,B
1434,닿다,,接する、触れる、至る,,동,,B
2764,대01,,～対,,의,對. 개인 ~ 개인,B
1208,대02,,～台,,의,臺,B
,대구,,大邱,慶尚北道に隣接した広域市。,고,大邱,B
2406,대기업,,大企業,,명,大企業,B
2248,대단하다,,すごい、素晴らしい,,형,,B
2249,대단히,,すごく、大変に,,부,,B
1453,대답,,返事,,명,對答,A
1096,대답하다,,返事する,,동,對答-,A
4051,대도시,,大都市,,명,大都市,B
2333,대문,,門,,명,大門,B
391,대부분,,大部分,,명,大部分,B
5883,대사관,,大使館,,명,大使館,A
655,대신,,代わり,,명,代身,B
,대전,,大田,忠清南道に隣接した広域市。,고,大田,B
808,대중,,大衆,,명,大衆,B
9527,대중교통,,公共交通機関,,명,大衆交通,B
2439,대중문화,,大衆文化,,명,大衆文化,B
128,대통령,,大統領,,명,大統領,B
482,대표,,代表,,명,代表,B
1760,대표적,,代表的,,명,代表的,B
24,대하다,,対する,,동,對-,B
261,대학,,大学、単科大学,,명,大學,A
4416,대학교,,大学、総合大学,,명,大學校,A
7487,대학교수,,大学教授、大学の教員,,명,大學敎授,B
1944,대학생,,大学生,,명,大學生,A
3268,대학원,,大学院,,명,大學院,B
,대한민국,,大韓民国,,고,大韓民國,B
699,대화,,対話,,명,對話,A
8044,대화하다,,対話する,,동,對話-,B
485,대회,,大会,,명,大會,B
1867,댁,,お宅,「집」の尊敬語。,명,宅,A
46,더,,さらに、もっと、～の方が,,부,,A
1473,더구나,,さらに、しかも,,부,,B
3269,더럽다,,汚い,,형,,B
3230,더위,,暑さ,,명,,B
1791,더하다,,加える,,동,,B
2892,덕분,,おかげ,,명,德分,B
,덕수궁,,徳寿宮,,고,德壽宮,B
621,던지다,,投げる,,동,,B
2154,덜,,より少なく,,부,,B
2678,덥다,,暑い,,형,,A
2193,덮다,,覆う,,동,,B
62,데,,～ところ,,의,,B
5094,데려가다,,連れていく,,동,,B
9529,데려오다,,連れてくる,,동,,B
1167,데리다,,連れる,,동,,B
2408,도구,,道具,,명,道具,B
4052,도둑,,泥棒、盗賊,,명,,B
4417,도로01,,元通り,,부,,B
1773,도로02,,道路,,명,道路,B
6210,도망가다,,逃げる、逃亡する,,동,逃亡-,B
1732,도서관,,図書館,,명,圖書館,A
423,도시,,都市,,명,都市,A
3633,도시락,,弁当,,명,,B
2194,도와주다,,助けてあげる、助けてくれる,,동,,A
714,도움,,助け,,명,,B
5095,도자기,,陶磁器,,명,陶瓷器,B
2859,도중,,途中,,명,途中,B
9103,도착,,到着,,명,到着,A
1305,도착하다,,着く、到着する,,동,到着-,A
,도쿄,,東京,,고,東京,B
4196,독서,,読書,,명,讀書,B
,독일,,ドイツ,,고,獨逸,A
13235,독일어,,ドイツ語,,명,獨逸語,B
140,돈,,金[かね],,명,,A
1375,돌,,石,,명,~멩이,B
927,돌다,,回る,,동,,B
6776,돌려주다,,返す,,동,,B
505,돌리다,,回す,,동,팽이를 ~,B
2956,돌보다,,面倒を見る,,동,,B
519,돌아가다,,戻る、戻っていく,,동,,A
2176,돌아보다,,振り返る,,동,,B
2825,돌아서다,,背を向ける,,동,,B
377,돌아오다,,戻る、戻ってくる,,동,,A
1109,돕다,,助ける,,동,,A
2232,동기,,動機,,명,動機,B
793,동네,,町の小さなエリア,,명,洞-,B
,동대문,,東大門,,고,東大門,B
,동대문시장,,東大門市場,,고,東大門市場,B
1294,동물,,動物,,명,動物,A
12428,동물원,,動物園,,명,動物園,B
602,동생,,年下のきょうだい,,명,,A
529,동시,,同時,,명,同時,B
3920,동아리,,サークル,,명,,B
214,동안,,間（時間的な）,,명,시간의 길이,A
3111,동양,,東洋,,명,東洋,B
4503,동전,,硬貨,,명,銅錢,B
2569,동쪽,,東、東側,,명,東-,A
5341,동창,,同窓、同じ学校（の同じ学年）の出身,,명,同窓,B
2826,동화,,童話,,명,童話,B
2893,돼지,,豚,,명,,A
4418,돼지고기,,豚の肉,,명,,A
2996,되게,,とても,,부,,B
5,되다,,なる,,동,어른이 ~,A
4994,된장,,味噌,,명,#NAME?,B
10482,된장찌개,,味噌チゲ,,명,-醬-,B
63,두,,二つの,,관,,A
2827,두껍다,,厚い,,형,,B
266,두다,,置く,,동,,B
2894,두드리다,,叩く,,동,,B
5603,두부,,豆腐,,명,豆腐,B
5473,두세,,"2, 3",,관,,B
6394,두통,,頭痛,,명,頭痛,B
575,둘,,2,,수,,A
2594,둘러보다,,見渡す,,동,,B
1660,둘째,,2つ目,,수,,A
2155,둥글다,,丸い,,형,,B
87,뒤,,後ろ,,명,,A
2957,뒤집다,,ひっくり返す,,동,,B
5100,뒤쪽,,後ろの方,,명,,B
6046,뒷산,,裏山,,명,#NAME?,B
1237,드라마,,ドラマ,,명,drama,B
1460,드리다,,差し上げる,「주다」の謙譲語。,동,인사를 ~,A
88,듣다,,聞く,,동,소리를 ~,A
2797,들,,たち,複数を表す。人にも物にも使う。,명,,B
91,들다01,,入る,,동,여관에 ~,A
130,들다02,,持つ,「（物理的に手に）持つ」という意味であり、「所有する、備えている」という意味はない。,동,꽃을 ~,A
1733,들려오다,,聞こえる、聞こえてくる,,동,,B
4337,들려주다,,聞かせる、聞かせてあげる、聞かせてくれる,,동,,B
1961,들르다,,寄る,,동,,B
866,들리다,,聞こえる,,동,소리가 ~,B
158,들어가다,,入る、入っていく,,동,,A
646,들어서다,,入る、（時期が）始まる、（場所を）占めている,,동,,B
256,들어오다,,入る、入ってくる,,동,,A
1739,들여다보다,,のぞき込む,,동,,B
989,듯이,,～ように,,의,,B
1019,등01,,背中,,명,신체의 일부,B
3405,등02,,～等、～位,,의,等. 1~,B
18,등03,,～等、～など,,의,等,B
3273,등록,,登録,,명,登錄,B
7221,등록금,,学費,,명,登錄金,B
4996,등산,,登山,,명,登山,A
8355,등산로,,登山路,,명,登山路,B
9995,디자이너,,デザイナー,,명,designer,B
3036,디자인,,デザイン,,명,design,B
1590,따다,,とる、外す,,동,떼다,B
1312,따뜻하다,,暖かい,,형,,A
2468,따라가다,,付いていく,,동,,B
3921,따라오다,,付いてくる,,동,,B
1313,따로,,別に、別途,,부,,B
51,따르다01,,追いかける、なつく,,동,뒤를 ~,B
3143,따르다02,,注ぐ,,동,물을 ~,B
1851,딱,,ちょうど,,부,바라진 모양,B
2111,딴,,別の,,관,~ 일,B
625,딸,,娘,,명,,A
8053,딸기,,苺,,명,,A
1399,땀,,汗,,명,,B
321,땅,,地面、土地,,명,,B
6215,땅콩,,落花生、ピーナッツ,,명,,B
19,때,,時,,명,시간,A
7749,때때로,,時々,,부,,B
31,때문,,ため,目的を表す「ため」ではなく、理由を表す「ため」,의,,A
6047,땜,,ため,「때문」の縮約語。,의,때문,B
327,떠나다,,去る、離れていく,,동,,A
2765,떠들다,,うるさく話す,,동,말하다,B
1042,떠오르다,,浮かび上がる、思い出される,,동,,B
1749,떠올리다,,浮かび上げる、思い出す,,동,,B
1443,떡,,餅,,명,,A
13255,떡볶이,,トッポギ,,명,,B
1271,떨다,,震わせる,,동,,B
2570,떨리다,,震える,,동,흔들리다,B
2621,떨어뜨리다,,落とす,,동,,B
299,떨어지다,,落ちる,,동,,B
1070,떼다,,とる、外す,,동,,B
40,또,,また,,부,,A
250,또는,,または,,부,,B
2177,또다시,,また,,부,,B
248,또한,,または,,부,,B
1376,똑같다,,全く同じだ,,형,,A
2622,똑같이,,全く同じように,,부,,B
3864,똑똑하다,,頭がいい,,형,,B
5201,똑바로,,真正面から,,부,,A
4338,뚜껑,,蓋[ふた],,명,,B
11721,뚱뚱하다,,太っている,,형,,B
1852,뛰다01,,跳ねる,,동,심장이 ~,A
1626,뛰다02,,走る,,동,빨리 나아가다,A
9998,뛰어나가다,,走って出る、走って出ていく,,동,,B
7224,뛰어다니다,,跳ね回る,,동,,B
2280,뛰어들다,,跳んで入る、思い切って始める,,동,,B
9542,뛰어오다,,駆けつける、駆けつけてきた,,동,,B
1178,뜨겁다,,熱い,,형,,A
1389,뜨다01,,浮かび上がる,,동,솟아오르다,B
1673,뜨다02,,（目を）開ける,,동,눈을 ~,B
296,뜻,,意味、意図,,명,,B
1571,라디오,,ラジオ,,명,radio,A
2623,라면,,ラーメン,,명,&일ramen,A
6781,라이터,,ライター,,명,lighter,B
,러시아,,ロシア,,고,Russia,A
,런던,,ロンドン,,고,London,B
7503,레몬,,レモン,,명,lemon,B
5892,레스토랑,,レストラン,,명,&프restaurant,B
5203,렌즈,,レンズ,,명,lens,B
2998,리듬,,リズム,,명,rhythm,B
2571,마구,,やたらと,,부,,B
1740,마늘,,[大蒜>にんにく],,명,,B
2440,마련되다,,準備される、用意される,,동,,B
833,마련하다,,準備する、用意する,,동,,B
2441,마루,,板の間の板,,명,~를 닦다,B
1649,마르다,,乾く,,동,,B
1168,마리,,～匹、～頭[とう],,의,,A
8358,마사지,,マッサージ,,명,massage,B
365,마시다,,飲む,,동,,A
480,마을,,村,,명,,B
148,마음,,心,,명,,A
2921,마음대로,,好きに,,부,,B
2212,마음속,,心の中,,명,,B
2250,마주,,向き合って,,부,,B
8736,마중,,迎え,,명,,B
626,마지막,,最後,,명,,A
545,마찬가지,,同じ,,명,,B
580,마치,,あたかも,,부,,B
711,마치다,,終える,,동,,B
2265,마침,,ちょうど、タイミングよく,,부,,B
1507,마침내,,ついに,,부,,B
9548,마흔,,40,,수,,A
1817,막01,,ついさっき,,부,바로 지금,B
1159,막02,,やたらと,,부,마구,B
4269,막내,,末っ子,,명,,B
700,막다,,塞[ふさ]ぐ、つめる,,동,,B
1344,막히다,,塞[ふさ]がる、つまる,,동,,B
3865,만01,,万,,관,萬,A
7226,만02,,満,,관,滿. ~ 3개월,B
166,만나다,,会う,,동,,A
2572,만남,,出会い,,명,,B
16774,만두,,マンドゥ（韓国式の餃子）,,명,饅頭,B
61,만들다,,作る,,동,,A
1071,만들어지다,,作られる,,동,,B
1134,만약,,もし,,명,萬若,B
1761,만일,,もし,,명,萬一,B
3804,만족하다01,,満足だ,,형,滿足-,B
6049,만족하다02,,満足する,,동,滿足-,B
2522,만지다,,触る,,동,,B
440,만큼,,～くらい,,의,,B
2059,만화,,漫画,,명,漫畵,B
43,많다,,多い,,형,,A
2381,많아지다,,多くなる,,동,,B
98,많이,,たくさん、多く,,부,,A
28,말01,,言葉,,명,~과 글,A
2624,말02,,馬,,명,동물,B
780,말03,,～末,,의,末,B
161,말다01,,しない、やめる,「~지 말아라」の形で「-（する）な」,보,,A
576,말다02,,やめる,,동,그만두다,A
812,말씀,,お言葉,「말」の尊敬語。,명,,A
3184,말씀드리다,,申し上げる,「말하다」の謙譲語,동,,B
1381,말씀하다,,仰る,「말하다」の尊敬語。,동,,A
32,말하다,,話す,,동,,A
1077,맑다,,澄んでいる,,형,,A
390,맛,,味,,명,,A
15475,맛없다,,まずい,,형,,A
1020,맛있다,,うまい,,형,,A
378,맞다01,,合っている,,동,답이 ~,B
800,맞다02,,迎える,,동,손님을 ~,B
1546,맞다03,,叩かれる,,동,매를 ~,B
2828,맞서다,,立ち向かう,,동,,B
5344,맞은편,,向かい側,,명,#NAME?,B
694,맞추다,,合わせる,,동,,B
1516,맡기다,,預ける,,동,,B
633,맡다,,預かる,,동,담임을 ~,B
2767,매년,,毎年,,부,每年,B
3982,매다,,結ぶ,,동,끈을 ~,B
2409,매력,,魅力,,명,魅力,B
393,매우,,とても,,부,,A
1272,매일,,毎日,,부,每日,A
2861,맥주,,ビール,,명,麥酒,A
1750,맨,,素[す]の,,관,,B
6050,맵다,,辛い,,형,,A
288,머리,,頭、髪,,명,,A
3983,머리카락,,髪の毛,,명,,B
2178,머릿속,,頭の中,,명,,B
2094,머무르다,,滞在する,,동,,B
70,먹다,,食べる、摂取する,,동,밥을 ~,A
2060,먹이다,,食べさせる,,동,,B
8361,먹히다,,食べられる,,동,,B
283,먼저,,まず,,부,,A
718,멀다,,遠い,,형,갈 길이 ~,A
997,멀리,,遠く,,부,,B
3186,멀어지다,,遠くなる,,동,,B
1418,멈추다,,止まる,,동,,B
5346,멋,,素敵さ、格好良さ,,명,,B
5206,멋있다,,素敵だ、格好良い,,형,,B
5002,메뉴,,メニュー,,명,menu,A
6051,메다,,背負う,,동,총을 ~,B
7231,메모,,メモ,,명,memo,B
3526,메시지,,メッセージ,,명,message,B
23197,메일,,メール,,명,mail,B
2923,며느리,,（息子の）嫁,日本語の「嫁」とは異なり、「妻」という意味はない。,명,,B
1021,며칠,,何日,,명,,A
77,명,,～人[にん],,의,名. 한 ~,A
2311,명령,,命令,,명,命令,B
3926,명절,,正月や盆のような親戚の集まる祭日,,명,名節,B
9557,명함,,名刺,,명,名銜,B
186,몇,,何、いくつ,数を尋ねる疑問詞。,관,,A
2112,몇몇,,いくつかの,,관,,B
7234,몇십,,何十,,관,,B
6582,모기,,蚊,,명,,B
3000,모니터,,モニター,,명,monitor,B
1840,모델,,モデル,,명,model,B
145,모두01,,全て,,부,,A
708,모두02,,みんな、全て,,명,,A
137,모든,,全ての,,관,,A
2862,모래,,砂,,명,,B
12460,모레,,明後日,,명,,B
59,모르다,,知らない、分からない,,동,,A
164,모습,,姿,,명,,B
1368,모시다,,仕える,,동,,B
464,모양,,形,,명,模樣,B
508,모으다,,集める,,동,,B
610,모이다,,集まる,,동,,B
906,모임,,集まり,,명,,B
4059,모자,,帽子,,명,帽子,A
2829,모자라다,,足りない,,동,,B
1230,목,,首,,명,,A
10505,목걸이,,ネックレス,,명,,B
2523,목사,,牧師,,명,牧師,B
486,목소리,,声,,명,,B
11099,목요일,,木曜日,,명,木曜日,A
3808,목욕,,風呂に入ること、沐浴,,명,沐浴,A
5749,목욕탕,,銭湯、公衆浴場,,명,沐浴湯,B
740,목적,,目的,,명,目的,B
1036,목표,,目標,,명,目標,B
2196,몰다,,（車を）運転する、（動物に）乗る,,동,,B
2312,몰래,,隠れて、知られずに,,부,,B
156,몸,,体,,명,,A
7239,몸무게,,体重,,명,,B
8364,몸살,,発熱、筋肉痛、吐き気、頭痛、めまいなどの症状。,,명,~이 걸리다,B
1687,몹시,,非常に,,부,,B
207,못,,～できない,不可能を表す副詞。,부,,A
57,못하다,,下手だ,,보,,A
3687,무,,大根,,명,식물,B
1662,무겁다,,重い,,형,,A
2442,무게,,重さ,,명,,B
3277,무늬,,柄,,명,,B
8367,무더위,,蒸し暑さ,,명,,B
1321,무렵,,頃,,의,,B
1637,무릎,,膝,,명,,B
1051,무섭다,,怖い,,형,,B
221,무슨,,何の,,관,,A
2061,무시하다,,馬鹿にする、無視する,,동,無視-,B
135,무엇,,何,,대,,A
1201,무역,,貿易,,명,貿易,B
1382,무용,,舞踊,,명,舞踊,B
2313,무조건,,無条件、他のことを考えずに,,부,無條件,B
1169,무척,,とても,,부,,B
2711,묶다,,結ぶ,,동,,B
469,문,,ドア,,명,門,A
3278,문장,,文章、文,,명,文章,B
53,문제,,問題,,명,問題,A
1591,문제점,,問題点,,명,問題點,B
272,문학,,文学,,명,文學,B
73,문화,,文化,,명,文化,B
2282,묻다01,,（汚れや埃が）付く,,동,옷에 흙이 ~,B
289,묻다02,,聞く、尋ねる,,동,길을 ~,A
165,물,,水,麦茶など刺激の少ない薄いお茶も「물」に含まれる。,명,바닷~,A
560,물건,,物,,명,物件,A
3579,물고기,,魚,,명,,B
2024,물다,,咥[くわ]える,,동,담배를 ~,B
213,물론01,,もちろん,,부,勿論,A
1435,물론02,,勿論,,명,勿論,B
2079,물속,,水の中,,명,,B
1483,물어보다,,きく、たずねる、問う,,동,,A
2897,물음,,問い,,명,,B
108,뭐,,何,「무엇」の縮約系。,대,,A
,미국,,アメリカ,,고,美國,A
2573,미디어,,メディア,,명,media,B
1298,미래,,未来,,명,未來,B
1242,미리,,予め、先に,,부,,B
1391,미소,,微笑み、微笑,,명,微笑,B
1600,미술,,美術,,명,美術,B
3748,미술관,,美術館,,명,美術館,B
1484,미안하다,,申し訳ない,,형,未安-,A
8071,미워하다,,憎む,,동,,B
6056,미인,,美人,,명,美人,B
1918,미치다01,,狂う,,동,정신에 이상이 생기다,B
1044,미치다02,,達する,,동,닿다,B
843,미터,,メートル,,의,meter,A
4793,미팅,,ミーティング、合コン,,명,meeting,B
334,민족,,民族,,명,民族,B
431,믿다,,信じる,,동,,B
2924,믿음,,信念,,명,,B
2625,밀가루,,小麦粉,,명,,B
1485,밀다,,押す,,동,,B
1818,밀리미터,,ミリメートル,,의,millimeter,B
3689,밉다,,憎らしい、不細工だ,,형,,B
245,및,,及び,,부,,B
652,밑,,下,,명,,A
2626,바깥,,外,,명,,B
432,바꾸다,,変える,,동,,A
759,바뀌다,,変わる,,동,,B
7773,바나나,,バナナ,,명,banana,A
2524,바늘,,針,,명,,B
488,바다,,海,,명,,A
1327,바닥,,床、地面,,명,,B
2959,바닷가,,海辺,,명,,B
5754,바닷물,,海水,,명,,B
583,바라다,,望む,,동,,B
387,바라보다,,（景色を）望む,,동,,B
478,바람01,,風,,명,~이 불다,A
1663,바람02,,せい,,의,눈이 오는 ~에,A
132,바로,,すぐに、きちんと,,부,,A
1497,바르다01,,塗る,,동,벽지를 ~,B
1135,바르다02,,真っ直ぐだ、正しい,,형,굽은 데가 없다,B
2680,바보,,馬鹿,,명,,B
868,바쁘다,,忙しい,,형,,A
2382,바위,,岩,,명,,B
3928,바이올린,,バイオリン,,명,violin,B
2627,바지,,ズボン,,명,,A
1517,박물관,,博物館,,명,博物館,A
1377,박사,,博士,,명,博士,B
3148,박수,,拍手,,명,拍手,B
8375,박스,,ボックス,,명,box,B
257,밖,,外,,명,,A
834,반01,,半,,명,半,A
933,반02,,班、（学校の）組,,명,班,A
1868,반갑다,,（意外な人や物に出会って）嬉しい,,형,,A
1218,반대,,反対,,명,反對,B
2039,반대하다,,反対する,,동,反對-,B
781,반드시,,必ず,,부,,B
4341,반복하다,,繰り返す、反復する,,동,反復-,B
2314,반장,,班長,,명,班長,B
6060,반지,,指輪,,명,半指,B
3352,반찬,,おかず,,명,飯饌,B
2961,반하다,,反する,,동,反-,B
47,받다,,もらう、受けとる,,동,선물을 ~,A
787,받아들이다,,受け入れる,,동,,B
7013,받침,,コースター、（ハングルの）パッチム,,명,,B
564,발,,足,,명,신체의 일부,A
4602,발가락,,足の指,,명,,B
2925,발견,,発見,,명,發見,B
1638,발견되다,,発見される,,동,發見-,B
826,발견하다,,発見する,,동,發見-,B
1369,발달,,発達,,명,發達,B
982,발달하다,,発達する,,동,發達-,B
7776,발등,,足の甲,,명,,B
5211,발목,,足首,,명,,B
2768,발생,,発生,,명,發生,B
746,발생하다,,発生する,,동,發生-,B
5491,발음,,発音,,명,發音,A
16889,발음하다,,発音する,,동,發音-,B
416,발전,,発展,,명,發展,B
983,발전하다,,発展する,,동,發展-,B
1231,발표,,発表,,명,發表,B
835,발표하다,,発表する,,동,發表-,B
1322,밝다01,,明るい,,형,,A
8753,밝다02,,（夜が）明ける,,동,,B
230,밝히다,,（灯りを）点ける,,동,,B
1919,밟다,,踏む,,동,,B
276,밤01,,夜、晩,,명,어두운 때,A
6062,밤02,,栗,,명,열매,B
10041,밤낮,,昼夜,,명,,B
5212,밤늦다,,夜遅い,,형,,B
9149,밤새다,,夜を明かす、徹夜する,,동,,B
8754,밤중,,夜中,,명,#NAME?,B
353,밥,,ご飯,,명,~을 먹다,A
4426,밥그릇,,ご飯茶碗,,명,,B
8077,밥맛,,ご飯の味,,명,,B
8381,밥솥,,炊飯器、ご飯釜,,명,,B
318,방,,部屋,,명,房,A
2802,방금,,たった今,,부,方今,B
4427,방문01,,部屋のドア,,명,房門,B
1806,방문02,,訪問,,명,訪問,B
1945,방문하다,,訪問する,,동,訪問-,B
179,방법,,方法,,명,方法,B
538,방송,,放送,,명,放送,B
2004,방송국,,放送局,,명,放送局,B
1581,방학,,学校の長期休み,,명,放學,A
484,방향,,方向,,명,方向,B
1554,밭,,畑,,명,,B
850,배01,,腹,,명,신체의 일부,A
462,배02,,船,,명,~를 띄우다,A
5215,배03,,梨,,명,열매,A
1214,배경,,背景,,명,背景,B
5905,배고프다,,腹が減った,,형,,A
10043,배구,,バレーボール,,명,排球,B
7523,배꼽,,臍[へそ],,명,,B
7249,배달,,配達,,명,配達,B
8756,배드민턴,,バトミントン,,명,badminton,B
8757,배부르다,,腹いっぱいだ,,형,,A
2197,배우,,俳優,,명,俳優,B
441,배우다,,習う,,동,,A
4129,배추,,白菜,,명,,B
2410,백,,100,,관,百,A
1974,백화점,,デパート、百貨店,,명,百貨店,A
4897,뱀,,蛇,,명,,B
2383,버릇,,癖,,명,,B
121,버리다01,,（～て）しまう,,보,,A
704,버리다02,,捨てる,,동,,B
5906,버섯,,茸[きのこ],,명,,B
719,버스,,バス,,명,bus,A
3470,버터,,バター,,명,butter,B
8759,버튼,,ボタン,,명,button,B
138,번,,～回,,의,番,A
7250,번역,,翻訳,,명,飜譯,B
774,번째,,～番目,,의,番-,B
4276,번호,,番号,,명,番號,A
1087,벌다,,稼ぐ,,동,돈을 ~,B
3988,벌레,,虫,,명,,B
2628,벌리다,,開ける,,동,입을 ~,B
686,벌써,,もう、既に,,부,,A
1498,벌어지다,,（出来事が）起こる、繰り広げられる,,동,싸움이 ~,B
627,벌이다,,（出来事を）起こす、繰り広げる,,동,,B
603,법01,,法、法律,,명,法,B
1252,법02,,~当然の理知,,의,法,B
2499,벗기다,,脱がす、剥く,,동,,B
1104,벗다,,脱ぐ,,동,,A
8388,베개,,枕,,명,,B
,베이징(북경),,北京[ペキン],,고,北京,B
8389,벨트,,ベルト,,명,belt,B
1199,벽,,壁,,명,壁,B
690,변하다,,変わる,,동,變-,B
3280,변호사,,弁護士,,명,辯護士,B
294,변화,,変化,,명,變化,B
1975,변화하다,,変化した,,동,變化-,B
1346,별01,,星,,명,,A
2681,별02,,別,,관,別,B
801,별로,,別に、あまり,否定表現と共に用いられる,부,別-,B
1306,병01,,病気,,명,病,A
1976,병02,,瓶,,명,甁,A
4429,병들다,,病気になる,,동,病-,B
628,병원,,病院,,명,病院,A
2926,보고,,報告,,명,報告,B
2629,보고서,,報告書,,명,報告書,B
2630,보관하다,,保管する,,동,保管-,B
265,보내다,,送る,,동,,A
17,보다01,,見る,,동,,A
862,보다02,,より,,부,한층 더,A
2682,보람,,[甲斐>かい],,명,,B
93,보이다01,,見える,,동,'보다'의 피동사,B
168,보이다02,,見せる,,동,'보다'의 사동사,B
1392,보통,,普通、普段,,명,普通,A
2411,보험,,保険,,명,保險,B
945,보호,,保護,,명,保護,B
2574,복도,,廊下,,명,複道,B
8085,복사,,コピー、複写,,명,複寫,B
8391,복사하다,,コピーする、複写する,,동,複寫-,B
18638,복습,,復習,,명,復習,B
16943,복습하다,,復習する,,동,復習-,B
1347,복잡하다,,複雑だ,,형,複雜-,A
1698,볶다,,炒める,,동,,B
8090,볶음밥,,チャーハン,,명,,B
2158,본래,,本来、元々,,명,本來,B
6603,볼일,,用事,,명,,B
9583,볼펜,,ボールペン,,명,ball pen,A
972,봄,,春,,명,,A
5496,봉지,,袋,,명,封紙,B
2741,봉투,,封筒、（スーパーの）袋,,명,封套,B
4903,뵈다01,,見える,,동,보이다,B
5914,뵈다02,,お会いする,「보다」の謙譲語。,동,웃어른을 보다,B
4609,뵙다,,お会いする,「보다」の謙譲語。,동,,B
2526,부,,～部,,의,部,B
2315,부근,,付近,,명,附近,B
6605,부끄러움,,恥ずかしさ,,명,,B
2356,부끄럽다,,恥ずかしい,,형,,B
1574,부동산,,不動産,,명,不動産,B
1062,부드럽다,,軟らかい,,형,,B
2631,부딪치다,,ぶつかる,,동,,B
5621,부러워하다,,羨ましがる,,동,,B
2412,부럽다,,羨ましい,,형,,B
227,부르다01,,呼ぶ,,동,이름을 ~,A
6070,부르다02,,一杯になる,,형,배가 ~,B
665,부모,,父母、両親,,명,父母,A
1160,부모님,,父母、両親,,명,父母-,A
977,부부,,夫婦,,명,夫婦,A
291,부분,,部分,,명,部分,B
,부산,,釜山,,고,釜山,A
2159,부엌,,台所,,명,,A
1619,부인,,夫人,,명,夫人,A
3150,부자,,金持ち,,명,富者,B
2683,부작용,,副作用,,명,副作用,B
9167,부잣집,,金持ちの家,,명,富者-,B
2413,부장,,部長,,명,部長,B
1869,부족01,,不足,,명,不足,B
1780,부족02,,部族,,명,部族,B
1243,부족하다,,足りない、不足する,,형,不足-,B
10068,부지런하다,,勤勉だ,,형,,B
2472,부처,,部署,,명,部處,B
4611,부치다,,（郵便物を）送る,,동,편지를 ~,B
3582,부탁,,お願い,,명,付託,B
2927,부탁하다,,お願いする,,동,付託-,B
7023,북,,北,,명,北,B
2179,북쪽,,北側,,명,北-,A
,북한,,北朝鮮,,고,北韓,B
499,분01,,～方[かた],「사람」の尊敬語。,의,한 ~,A
302,분02,,～分[ふん],,의,10시 20~,A
2742,분명,,明らかに,,부,分明,B
1462,분명히,,明らかに,,부,分明-,B
1555,분석하다,,分析する,,동,分析-,B
425,분위기,,雰囲気,,명,雰圍氣,B
506,불,,火,,명,,A
1593,불가능하다,,不可能だ,,형,不可能-,B
3754,불고기,,プルコギ,,명,,A
567,불교,,仏教,,명,佛敎,B
4433,불꽃,,火花,,명,,B
1263,불다,,（風が）吹く,,동,바람이 ~,A
1383,불리다,,呼ばれる,,동,'부르다'의 피동사,B
1807,불만,,不満,,명,不滿,B
2501,불빛,,灯り、火の光,,명,,B
3188,불쌍하다,,可哀そうだ,,형,,B
1992,불안,,不安,,명,不安,B
2180,불안하다,,不安だ,,형,不安-,B
1808,불편하다,,居心地が悪い、不便だ,,형,不便-,B
3318,불행하다,,不幸だ,,형,不幸-,B
1946,붉다,,赤い,,형,,B
1841,붓다,,注ぐ,,동,물을 ~,B
734,붙다,,付く,,동,,B
705,붙이다,,付ける,,동,,B
7795,블라우스,,ブラウス,,명,blouse,B
592,비,,雨,,명,~가 내리다,A
2596,비교,,比較,,명,比較,B
1650,비교적,,比較的,,부,比較的,B
1508,비교하다,,比較する,,동,比較-,B
6608,비누,,石鹸,,명,,A
3039,비닐,,ビニール,,명,vinyl,B
7262,비닐봉지,,ビニール袋,,명,vinyl封紙,B
1882,비디오,,ビデオ,,명,video,A
1357,비밀,,秘密,,명,秘密,B
13411,비빔밥,,ビビンバ,,명,,A
5501,비서,,秘書,,명,秘書,B
760,비슷하다,,似ている,,형,,A
1819,비싸다,,（値段が）高い,,형,,A
1170,비용,,費用,,명,費用,B
5918,비키다,,退[ど]く,,동,,B
6075,비타민,,ビタミン,,명,vitamin,B
2384,비판하다,,批判する,,동,批判-,B
1171,비행기,,飛行機,,명,飛行機,A
2898,빌다,,祈る,,동,소원을 ~,B
6076,빌딩,,ビル、ビルディング,,명,building,B
1315,빌리다,,借りる,,동,,B
23601,빗,,借り,,명,~으로 빗다,B
4701,빗물,,雨水,,명,,B
816,빛,,光,,명,,B
613,빠르다,,速い,,형,,A
1220,빠지다01,,抜ける,,동,머리가 ~,B
717,빠지다02,,落ちる、ハマる,,동,물에 ~,B
9605,빨간색,,赤、赤色,,명,#NAME?,A
2385,빨갛다,,赤い,,형,,B
5761,빨다,,（服を）洗う、洗濯する,,동,옷을 ~,B
2632,빨래,,洗濯,,명,,B
572,빨리,,速く、早く,,부,,A
2130,빵,,パン,,명,,A
998,빼다,,抜く,,동,가시를 ~,B
3532,뺨,,頬[ほお],,명,,B
2551,뻗다,,（身体の一部を）伸ばす,,동,,B
2216,뼈,,骨,,명,,B
1238,뽑다,,選ぶ,,동,,B
1179,뿌리,,根,,명,,B
1348,뿌리다,,振りかける,,동,,B
177,뿐,,～だけ,,의,,B
11837,사,,4,,수,四,A
8407,사계절,,四季、四つの季節,,명,四季節,B
691,사고,,事故,,명,事故,B
3237,사과,,[林檎>りんご],,명,沙果,A
8408,사과하다,,謝る,,동,謝過-,B
199,사다,,買う,,동,,A
844,사라지다,,消える,,동,,B
12,사람,,人,,명,,A
373,사랑,,愛,,명,,A
7539,사랑스럽다,,愛らしい,,형,,B
764,사랑하다,,愛する、大好きだ,,동,,A
5921,사모님,,奥様,,명,師母-,B
5762,사무,,事務,,명,事務,B
1781,사무실,,事務室,,명,事務室,A
1323,사물,,事物,,명,事物,B
103,사실,,事実,,명,事實,B
15648,사십,,40,,수,四十,A
520,사업,,事業,,명,事業,B
1026,사용,,使用,,명,使用,B
1419,사용되다,,使われる、使用される,,동,使用-,B
2928,사용자,,使用者,,명,使用者,B
254,사용하다,,使う、使用する,,동,使用-,A
2965,사원,,社員,,명,社員,B
1006,사월,,4月,,명,四月,A
4702,사위,,婿[むこ],,명,,B
178,사이,,間（空間的な）、仲,,명,,A
7801,사이좋다,,仲が良い,,형,,B
9616,사자,,ライオン、獅子,,명,獅子,B
1116,사장,,社長,,명,社長,A
7270,사전,,辞書、辞典,,명,辭典,A
728,사진,,写真,,명,寫眞,A
9177,사진기,,カメラ、写真機,,명,寫眞機,B
3871,사촌,,いとこ,,명,四寸,B
20886,사탕,,飴[あめ],,명,沙糖,A
42,사회,,社会,,명,社會,B
1762,사회적,,社会的,,명,社會的,B
3151,사흘,,3日間,,명,,B
465,산,,山,,명,山,A
2654,산소,,酸素,,명,酸素,B
6078,산속,,山の中,,명,山-,B
4802,산책,,散策,,명,散策,A
2234,살01,,肉,,명,~을 빼다,B
581,살02,,～歳,,의,한 ~,A
55,살다,,生きる、住む、暮らす,,동,,A
1088,살리다,,活かす、命を救う,,동,,B
2063,살짝,,軽く、そっと,,부,,B
555,살펴보다,,注意深く見る,,동,,B
3004,삶다,,湯がく,,동,,B
5923,삼,,3,,수,三,A
18764,삼십,,30,,수,三十,A
1117,삼월,,3月,,명,三月,A
5117,삼촌,,（結婚していない父方の）叔父,,명,三寸,B
3872,상,,賞,,명,賞,B
1192,상대,,相手,,명,相對,B
1536,상대방,,相手方,,명,相對方,B
1664,상상,,想像,,명,想像,B
2832,상상하다,,想像する,,동,想像-,B
3587,상자,,箱,,명,箱子,B
1752,상처,,傷,,명,傷處,B
9184,상추,,リーフレタスの一種,,명,,B
963,상품,,賞品,,명,商品,B
2633,상하다,,（野菜や果物が）傷む,,동,傷-,B
1089,새01,,鳥,,명,날짐승,A
466,새02,,新しい,,관,,A
1329,새끼,,（動物の）子ども,,명,자식~,B
968,새로,,新しく,,부,,B
1045,새벽,,深夜、明け方,,명,,B
9628,새소리,,鳥の声,,명,,B
5367,새우,,蝦[えび],,명,,B
3588,새해,,新年,,명,,B
1358,색,,色,,명,色,A
1603,색깔,,色,,명,色-,A
3005,샌드위치,,サンドイッチ,,명,sandwich,A
75,생각,,考え,,명,,A
2064,생각나다,,思い出す、思いつく,,동,,B
1330,생각되다,,思われる、考えられる,,동,,B
58,생각하다,,思う、考える,,동,,A
1763,생겨나다,,形をしている,,동,,B
253,생기다,,生じる,,동,,A
2803,생선,,（食品としての）魚,,명,生鮮,A
12576,생신,,お誕生日,「생일」の尊敬語。,명,生辰,B
1963,생일,,誕生日,,명,生日,A
174,생활,,生活,,명,生活,A
2552,생활하다,,生活する,,동,生活-,B
6824,생활환경,,生活環境,,명,生活環境,B
8795,샤워,,シャワー,,명,shower,A
3240,서너,,"3, 4",,관,,B
206,서다,,立つ,,동,,A
1620,서두르다,,急ぐ,,동,,B
7274,서랍,,引き出し,,명,,B
311,서로,,互いに,,부,,A
3006,서류,,書類,,명,書類,B
12580,서른,,30,,수,,A
1331,서비스,,サービス,,명,service,B
1057,서양,,西洋,,명,西洋,B
,서울,,ソウル,,고,,A
,서울역,,ソウル駅,,고,#NAME?,A
5229,서점,,本屋、書店,,명,書店,A
3152,서쪽,,西、西側,,명,西-,A
8798,서투르다,,慣れておらず下手だ,,형,,B
2655,석유,,石油,,명,石油,B
1921,섞다,,混ぜる,,동,,B
2414,섞이다,,混ざる,,동,,B
1741,선물,,プレゼント,,명,膳物,A
14518,선물하다,,プレゼントする,,동,膳物-,A
1122,선배,,先輩,,명,先輩,B
518,선생,,先生,,명,先生,A
204,선생님,,先生,,명,先生-,A
831,선수,,選手,,명,選手,B
2316,선택,,選択,,명,選擇,B
1332,선택하다,,選ぶ、選択する,,동,選擇-,B
10100,선풍기,,扇風機,,명,扇風機,B
6435,설거지,,皿洗い,,명,,B
4704,설날,,正月,,명,,B
23768,설렁탕,,ソルロンタン（牛の骨を煮込んだスープ）,,명,#NAME?,B
965,설명,,説明,,명,說明,A
577,설명하다,,説明する,,동,說明-,A
,설악산,,雪岳山,,고,雪嶽山,A
2236,설탕,,砂糖,,명,雪糖,A
1964,섬,,島,,명,,B
9193,섭씨,,摂氏,,명,攝氏,B
5768,성,,名字、姓,,명,姓,B
404,성격,,性格,,명,性格,B
2357,성공,,成功,,명,成功,B
2082,성공하다,,成功する,,동,成功-,B
8113,성별,,性別,,명,性別,B
3997,성인,,成人,,명,成人,B
2444,성적,,性格,,명,成績,B
18828,성함,,お名前,「이름」の尊敬語。,명,姓銜,B
413,세01,,3,,관,~ 권,A
969,세02,,～歳,,의,歲,A
120,세계,,世界,,명,世界,B
2114,세계적,,世界的,,명,世界的,B
2160,세금,,税金,,명,稅金,B
406,세기,,世紀,,명,世紀,B
3415,세다,,強い,,형,기운이 ~,B
10105,세로,,縦,,명,,B
258,세상,,世の中,,명,世上,B
6621,세수,,顔を洗うこと,,명,洗手,A
407,세우다,,立てる,,동,,B
2386,세워지다,,立てられる,,동,,B
8116,세탁,,洗濯,,명,洗濯,B
8809,세탁기,,洗濯機,,명,洗濯機,A
18841,세탁소,,クリーニング屋,,명,洗濯所,B
4132,센터,,センター,,명,center,B
956,센티미터,,センチメートル,,의,centimeter,A
2771,셋,,3,,수,,A
2834,셋째,,3つ目,,수,,A
2415,소,,牛,,명,동물,B
3416,소개,,紹介,,명,紹介,B
3360,소개되다,,紹介される,,동,紹介-,B
1401,소개하다,,紹介する,,동,紹介-,A
1221,소금,,塩,,명,,A
7278,소나기,,にわか雨,,명,,B
2083,소나무,,松の木,,명,,B
960,소녀,,少女,,명,少女,B
1078,소년,,少年,,명,少年,B
80,소리,,音,,명,,B
2656,소리치다,,叫ぶ,,동,,B
1519,소문,,噂,,명,所聞,B
8117,소문나다,,噂になる,,동,所聞-,B
775,소비자,,消費者,,명,消費者,B
604,소설,,小説,,명,小說,B
4438,소설가,,小説家,,명,小說家,B
2713,소스,,ソース,,명,sauce,B
9195,소시지,,ソーセージ,,명,sausage,B
1079,소식,,知らせ、ニュース,,명,消息,B
8118,소용없다,,役に立たない,,형,所用-,B
2772,소주,,焼酎,,명,燒酒,B
4073,소파,,ソファ,,명,sofa,A
11884,소포,,小包,,명,小包,B
5121,소풍,,遠足,,명,逍風,A
60,속,,中,,명,,A
1072,속도,,速度,,명,速度,B
5122,속옷,,下着,,명,,B
1436,속하다,,属する,,동,屬-,B
185,손,,手,,명,신체의 일부,A
1273,손가락,,手の指,,명,,A
11888,손녀,,孫娘,,명,孫女,B
902,손님,,客,,명,,A
5123,손목,,手首,,명,,B
2773,손바닥,,手のひら,,명,,B
5025,손발,,手足,,명,,B
8811,손뼉,,手のひら,,명,,B
8121,손수건,,ハンカチ,,명,#NAME?,B
3154,손자,,孫,,명,孫子,B
7281,손잡이,,手すり、取っ手,,명,,B
4708,손톱,,手の爪,,명,,B
2553,솔직하다,,正直だ、率直だ,,형,率直-,B
2445,솔직히,,正直に、率直に,,부,率直-,B
8122,송아지,,子牛,,명,,B
6085,송이,,輪（花を数える単位）,,명,꽃 한 ~,B
8813,송편,,ソンピョン（粳[うるち]米の粉を湯ごねして餡を入れ、貝形にして蒸した餅）,,명,松-,B
2181,쇠고기,,牛の肉,,명,,A
3822,쇼,,ショー,,명,show,B
9202,쇼핑,,ショッピング,,명,shopping,A
6,수,手,手段,「-을 수 있다」の形で「～することができる」という意味で使われることが多い。,의,방법,A
4527,수건,,タオル,,명,手巾,A
7046,수고하다,,苦労する,,동,,B
6441,수년,,数年,,명,數年,B
8124,수돗물,,水道水,,명,水道-,B
1370,수많다,,数多い,,형,數-,B
4353,수박,,[西瓜>すいか],,명,과일,A
2575,수상,,首相,,명,首相,B
1722,수술,,手術,,명,手術,B
919,수업,,授業,,명,授業,A
4134,수염,,髭[ひげ],,명,鬚髥,B
2899,수영,,水泳,,명,水泳,A
11896,수영장,,プール,,명,水泳場,A
7818,수요일,,水曜日,,명,水曜日,A
2530,수입01,,収入,,명,收入,B
1180,수입02,,輸入,,명,輸入,B
3877,수입하다,,輸入する,,동,輸入-,B
1161,수출,,輸出,,명,輸出,B
6445,수출하다,,輸出する,,동,輸出-,B
3075,수표,,小切手,,명,手票,B
7049,수학01,,修学,,명,修學,B
3823,수학02,,数学,,명,數學,B
3417,수화기,,受話器,,명,受話器,B
6446,숙소,,泊る所,,명,宿所,B
2473,숙이다,,騙す,,동,,B
1627,숙제,,宿題,,명,宿題,A
532,순간,,瞬間,,명,瞬間,B
1948,순서,,順序,,명,順序,B
2237,순수하다,,純粋だ,,형,純粹-,B
7561,숟가락,,スプーン、匙[さじ],,명,,A
372,술01,,酒,,명,~을 먹다,A
854,술02,,～匙[さじ],,의,밥 한 ~,A
7562,술병,,酒瓶,,명,#NAME?,B
8134,술자리,,酒の席,,명,,B
5509,술잔,,酒を入れるグラス,,명,#NAME?,B
2387,술집,,酒を飲む店,,명,,B
1137,숨,,息,,명,,B
2006,숨다,,隠れる,,동,,B
1820,숫자,,数字,,명,數字,B
1038,숲,,森,,명,,B
992,쉬다01,,休む,,동,편안히 ~,A
2388,쉬다02,,息をする,,동,숨을 ~,B
27846,쉰,,50,,수,,A
246,쉽다,,易しい、簡単だ,,형,,A
6447,슈퍼마켓,,スーパーマーケット,,명,supermarket,A
2900,스님,,お坊さん,,명,,B
4078,스무,,20の～,,관,,A
10126,스물,,20,,수,,A
614,스스로,,自分で,,부,,B
6628,스웨터,,セーター,,명,sweater,B
17164,스케이트,,スケート,,명,skate,B
9213,스케줄,,スケジュール,,명,schedule,B
9214,스키,,スキー,,명,ski,A
10634,스키장,,スキー場,,명,ski場,B
1676,스타,,スター,,명,star,B
2238,스타일,,スタイル、（好みの異性の）タイプ,,명,style,B
1486,스트레스,,ストレス,,명,stress,A
1689,스포츠,,スポーツ,,명,sports,A
7822,슬퍼하다,,悲しむ,,동,,B
2284,슬프다,,悲しい,,형,,A
2804,슬픔,,悲しみ,,명,,B
1742,습관,,習慣,,명,習慣,B
2774,승용차,,乗用車,,명,乘用車,B
2657,시01,,市,,명,市,A
193,시02,,～時[じ],,의,時,A
99,시간01,,時間,,명,時間,A
551,시간02,,～時間,,의,時間,A
1677,시계,,時計,,명,時計,A
1539,시골,,田舎,,명,,B
4809,시끄럽다,,うるさい,,형,,B
2340,시내,,市内、街の中心地,,명,市內,B
12628,시내버스,,路線バス,,명,市內bus,B
111,시대,,時代,,명,時代,B
2446,시도하다,,試みる,,동,試圖-,B
1548,시리즈,,シリーズ,,명,series,B
611,시민,,市民,,명,市民,B
9660,시부모,,夫の両親、舅[しゅうと]と姑[しゅうとめ],,명,媤父母,B
650,시설,,施設,,명,施設,B
27910,시아버지,,夫の父親、舅[しゅうと],,명,媤-,B
3824,시어머니,,夫の母親、姑[しゅうとめ],,명,媤-,B
9222,시외,,市外,,명,市外,B
1844,시원하다,,涼しい、すがすがしくて気持ちが良い,,형,,A
1509,시월,,10月,,명,十月,A
890,시인,,詩人,,명,詩人,B
1454,시작,,始まり、スタート,,명,始作,A
573,시작되다,,始まる,,동,始作-,A
131,시작하다,,始める,,동,始作-,A
218,시장,,市場,,명,市場,A
559,시절,,時期、時代,個人の人生における一つのフェーズを示す。例えば、대학생 시절（大学生時代）のように。,명,時節,B
3825,시집,,夫の実家,,명,媤-,B
5639,시청,,市役所、市庁,,명,市廳,B
2503,시청자,,視聴者,,명,視聽者,B
876,시키다,,させる、（飲食店で）注文する,,동,,B
639,시험,,試験,,명,試驗,A
725,식,,式,,의,式,B
1556,식구,,一緒に住んでいるメンバー,血のつながった家族である必要はない。,명,食口,B
3878,식다,,冷める,,동,,B
1393,식당,,食堂,,명,食堂,A
1444,식물,,植物,,명,植物,B
4711,식빵,,食パン,,명,食-,B
928,식사,,食事,,명,食事,A
5777,식사하다,,食事する,,동,食事-,A
2635,식용유,,食用油,,명,食用油,B
6091,식초,,酢,,명,食醋,B
2932,식탁,,食卓、ダイニングテーブル,,명,食卓,A
1723,식품,,食品,,명,食品,B
2341,신,,盛り上がって楽しい気持ち,,명,~이 나다,B
2687,신고,,届け出、申告,,명,申告,B
2715,신다,,履く,,동,,A
3156,신랑,,新郎,,명,新郞,B
513,신문,,新聞,,명,新聞,A
5516,신문사,,新聞社,,명,新聞社,B
5127,신문지,,新聞紙,,명,新聞紙,B
2199,신발,,靴,,명,,A
2285,신부,,新婦,,명,新婦,B
2658,신선하다,,新鮮だ,,형,新鮮-,B
2266,신용,,信用,,명,信用,B
4083,신입생,,新入生,,명,新入生,B
2359,신청,,申請,,명,申請,B
1209,신체,,身体,,명,身體,B
2868,신호,,信号,,명,信號,B
6269,신호등,,（交通）信号,,명,信號燈,B
8828,신혼부부,,新婚夫婦,,명,新婚夫婦,B
6270,신혼여행,,新婚旅行,,명,新婚旅行,B
1520,싣다,,積む,,동,,B
2343,실내,,室内,,명,室內,B
3193,실력,,実力,,명,實力,B
7291,실례,,失礼,,명,失禮,A
17194,실례하다,,失礼する,,동,失禮-,A
1540,실수,,間違い、ミス,,명,失手,B
9670,실수하다,,間違う、ミスする,,동,失手-,B
1809,실제,,実際,,명,實際,B
3242,실패,,失敗,,명,失敗,B
2933,실패하다,,失敗する,,동,失敗-,B
776,싫다,,嫌だ,,형,,A
10136,싫어지다,,嫌になる,,동,,B
2636,싫어하다,,嫌う,,동,,A
1073,심각하다,,深刻だ,,형,深刻-,B
1333,심다,,植える,,동,,B
2416,심리,,心理,,명,心理,B
6095,심부름,,お遣い,,명,,B
761,심하다,,ひどい,,형,甚-,B
5373,심해지다,,ひどくなる,,동,甚-,B
24036,십,,10,,수,十,A
1410,십이월,,12月,,명,十二月,A
2099,십일월,,11月,,명,十一月,A
8830,싱겁다,,味が薄い,,형,,B
92,싶다,,～たい,「-고 싶다」の形で「～（し）たい」という意味を持つ。,보,,A
2100,싸다01,,包む,,동,보자기에 ~,B
2240,싸다02,,安い,,형,집값이 ~,A
1007,싸우다,,喧嘩する、戦う、争う,,동,,A
1384,싸움,,喧嘩、戦い、争い,,명,,B
695,쌀,,米,,명,,B
1521,쌓다,,積む,,동,,B
1411,쌓이다,,積まれる、積もる,,동,,B
2901,썩다,,腐る,,동,,B
1098,썰다,,薄く切る,,동,,B
2418,쏘다,,撃つ、射る,,동,,B
2344,쏟다,,こぼす、流す,容器の中に入っていた液体を勢いよく外に出す。比喩的にも用いられる。,동,,B
1895,쏟아지다,,こぼれる、流れ出る,容器の中に入っていた液体が勢いよく外に出る。比喩的にも用いられる。,동,,B
169,쓰다01,,書く,,동,글씨를 ~,A
1795,쓰다02,,身に着ける,帽子、眼鏡、マスク、仮面などを目的語にする。,동,모자를 ~,A
175,쓰다03,,使う,,동,약을 ~,A
10658,쓰다04,,苦い,,형,나물이 ~,B
1046,쓰레기,,ゴミ,,명,,A
7835,쓰레기통,,ゴミ箱,,명,#NAME?,B
7571,쓰이다,,書かれる,,동,글이 ~,B
3361,씨01,,種[たね],,명,~를 심다,B
37,씨02,,～さん,,의,氏,A
5374,씨름,,韓国式の相撲,,명,,B
6272,씩씩하다,,勇ましい,,형,,B
2968,씹다,,噛む,,동,,B
947,씻다,,洗う,,동,,A
297,아,,あ,驚いた時の感嘆詞,감,,A
2474,아가씨,,お嬢さん,,명,,B
615,아기,,赤ちゃん,,명,,A
1363,아까,,さっき,,부,,B
913,아나운서,,アナウンサー,,명,announcer,B
408,아내,,妻,,명,,A
7058,아뇨,,いいえ,,감,,B
817,아니,,いや,,부,,A
16,아니다,,違う,「-이/가 아니다」は「～ではない」,형,,A
4918,아니야,,違う,,감,,B
2447,아니요,,いいえ,,감,,A
295,아들,,息子,,명,,A
453,아래,,下,,명,,A
7059,아래쪽,,下の方,,명,,B
11936,아래층,,下の階,,명,#NAME?,B
332,아름답다,,美しい,,형,,A
735,아마,,多分、恐らく,,부,,A
2135,아마도,,多分、恐らく,,부,,B
748,아무,,どんな（～でも）、なんの（～ない）,,관,,A
1464,아무것,,なん（～でも）、なに（～ない）,,명,,B
1949,아무래도,,やっぱり,,부,,B
2805,아무렇다,,どうだ,,형,,B
693,아무리,,どんなに,,부,,B
2969,아무튼,,とにかく,,부,,B
2870,아버님,,お父さん、お父様,他人の父親を高めていう時に多く使う。,명,,B
153,아버지,,父,,명,,A
379,아빠,,お父さん、パパ,,명,,A
,아시아,,アジア,,고,Asia,B
96,아이01,,子ども,,명,,A
3485,아이02,,ああ、まあ、わあ,苦痛、不満、驚きを表す,감,,B
2043,아이고,,ああ、まあ、わあ,苦痛、不満、驚き、絶望を表す,감,,B
14611,아이스크림,,アイスクリーム,,명,ice-cream,A
616,아저씨,,おじさん,親戚の「おじさん」ではなく、他人の「おじさん」を示す。,명,,A
274,아주,,とても,,부,,A
1743,아주머니,,おばさん,親戚の「おばさん」ではなく、他人の「おばさん」を示す。,명,,A
2419,아줌마,,おばちゃん,,명,,A
201,아직,,まだ,,부,,A
323,아침,,朝,,명,,A
851,아파트,,マンション,,명,apartment,A
589,아프다,,痛い、具合が悪い,,형,,A
,아프리카,,アフリカ,,고,Africa,B
2361,아픔,,痛み,,명,,B
12669,아홉,,9,,수,,A
49265,아흔,,90,,수,,A
3122,악기,,楽器,,명,樂器,B
4290,악수,,握手,,명,握手,B
118,안01,,中,,명,집 ~,A
44,안02,,～ない,動詞や形容詞の前に置かれて否定文を作る。,부,아니,A
2659,안경,,眼鏡,,명,眼鏡,A
5032,안내하다,,案内する,,동,案內-,B
7294,안녕,,こんにちは,,감,安寧,A
1978,안녕하다,,元気だ,,형,安寧-,A
4444,안녕히,,元気に、気を付けて,,부,安寧-,A
929,안다,,抱く,,동,,A
2970,안되다01,,できない,,동,공부가 ~,A
7295,안되다02,,気の毒だ,,형,마음이 언짢다,B
2136,안방,,夫婦の寝室,,명,#NAME?,B
2115,안전,,安全,,명,安全,B
2835,안전하다,,安全だ,,형,安全-,B
4623,안주,,つまみ,,명,按酒,B
3362,안쪽,,中の方,,명,,B
2554,안타깝다,,可哀そうだ,,형,,B
183,앉다,,座る,,동,,A
11,않다,,～ない,「-지 않다」の形で「～ない」,보,,A
2200,알,,卵,,명,,B
36,알다,,知る、分かる,,동,,A
500,알려지다,,知られる,,동,,B
993,알리다,,知らせる,,동,,B
1364,알맞다,,ぴったりだ,,형,,B
2362,알아듣다,,聞いて分かる,,동,,B
2137,앓다,,病む,,동,,B
4358,암,,癌,,명,癌,B
64,앞,,前（空間的な）,空間的な「前」であり、時間的な「前」の意味はない。,명,,A
5376,앞길,,これから進む道、将来,,명,앞에 있는 길,B
4220,앞뒤,,[前後>まえうしろ],,명,,B
2201,앞서다,,前に進んでいる,,동,,B
7838,앞쪽,,前の方,,명,,B
315,애,,子ども,「아이」の縮約形。,명,아이,B
3419,애인,,恋人,古風な言い方。,명,愛人,B
7068,액세서리,,アクセサリー,,명,accessory,B
821,야,,おい,,감,,B
2688,야구,,野球,,명,野球,A
6098,야외,,野外,,명,野外,B
3194,야채,,野菜,,명,野菜,B
677,약01,,約,,관,約,B
2027,약02,,薬,,명,藥,A
666,약간,,若干,,부,若干,B
7298,약국,,薬局,,명,藥局,A
1203,약속,,約束,,명,約束,A
2660,약속하다,,約束する,,동,約束-,A
1860,약하다,,弱い,,형,弱-,B
3421,얇다,,薄い,,형,,B
1428,양,,量,,명,量,B
3422,양념,,ソース,,명,,B
5248,양말,,靴下,,명,洋襪,A
9250,양배추,,キャベツ,,명,洋-,B
5129,양보하다,,譲る、譲歩する,,동,讓步-,B
4535,양복,,スーツ,,명,洋服,A
2532,양쪽,,両方,,명,兩-,B
2116,양파,,[玉葱>たまねぎ],,명,洋-,B
9253,얕다,,浅い,,형,,B
3079,얘,,こいつ、この子,「이 아이」の縮まった形。,불,이 아이,B
237,얘기,,話,「이야기」の縮まった形。,명,이야기,A
736,얘기하다,,話す,「이야기하다」の話し言葉。,동,,A
446,어,,あ,驚いた時の感嘆詞,감,,A
975,어깨,,肩,,명,,A
133,어느,,どの,,관,,A
2028,어느새,,いつの間にか,,부,,B
9254,어두워지다,,暗くなる,,동,,B
1475,어둠,,暗闇,,명,,B
1476,어둡다,,暗い,,형,,B
155,어디,,どこ,,대,,A
4815,어때,,どう,,불,어떠해,B
845,어떠하다,,どうだ,,형,,A
2689,어떡하다,,どうする,,불,어떠하게 하다,B
67,어떤,,どんな、ある,疑問文の中では「どんな」、平叙文の中では「ある」という意味を持つ。,관,,A
76,어떻다,,どうだ,,형,,A
1455,어려움,,難しさ,,명,,B
223,어렵다,,難しい,,형,,A
653,어른,,大人,,명,,A
4141,어리다01,,うっすらと浮かぶ,,동,눈물이 ~,B
481,어리다02,,幼い、未熟だ,,형,나이가 적다,B
4084,어린아이,,幼い子ども,,명,,B
4624,어린애,,幼い子ども,,명,,B
802,어린이,,子ども,,명,,A
8160,어린이날,,子どもの日,,명,,B
3080,어머,,あら,,감,,B
106,어머니,,母,,명,,A
2902,어머님,,お母さん、お母様,他人の母親を高めていう時に多く使う。,명,,B
2775,어색하다,,気まずい、不自然だ、ぎこちない,,형,語塞-,B
1522,어서,,早く,,부,,A
990,어울리다,,似合う、行動を共にする,,동,,B
2138,어제,,昨日,,부,,A
5378,어젯밤,,昨日の夜,,명,,B
749,어쩌다,,たまたま、偶然に,,동,,B
1354,어쩌면,,もしかしたら,,부,,B
4085,어쩐지,,なぜか分からないが,,부,,B
34770,억,,億,,수,億,B
497,언니,,女性から見た姉,,명,,A
891,언제,,いつ,,부,,A
794,언제나,,いつでも,,부,,A
1700,언젠가,,いつか,,부,,B
2776,얹다,,上にのせる,,동,,B
331,얻다,,もらう、得る,,동,,B
157,얼굴,,顔,,명,,A
4538,얼다,,凍る,,동,,B
1047,얼른,,すぐに,,부,,B
402,얼마,,いくら,,명,,A
285,얼마나,,どれだけ、どれくらい,,부,,A
3593,얼음,,氷,,명,,B
240,엄마,,お母さん、ママ,,명,,A
1105,업무,,業務,,명,業務,B
10,없다,,ない,,형,,A
1925,없애다,,なくす,,동,,B
1039,없어지다,,なくなる,,동,,B
171,없이,,なしに,,부,,B
2903,엉뚱하다,,でたらめだ,,형,,B
9260,엊그제,,一昨日,,부,,B
1210,에너지,,エネルギー,,명,energy,B
7071,에어컨,,エアコン,,명,air conditioner,A
4363,엔,,～円,,의,&일en,B
4816,엘리베이터,,エレベーター,,명,elevator,B
4539,여,,女,,명,女,B
9261,여고생,,女子高生,,명,女高生,B
5380,여관,,安価な簡易ホテル,漢字で書くと「旅館」だが、日本の旅館とは全く異なる。,명,旅館,B
4142,여권,,パスポート,,명,旅券,A
144,여기,,ここ,,대,,A
2084,여기저기,,あっちこっち,,명,,B
8467,여대생,,女子大生,,명,女大生,B
34841,여덟,,8,,수,,A
6102,여동생,,妹,,명,女同生,A
13584,여든,,80,,수,,A
117,여러,,いくつもの,,관,,A
1300,여러분,,みなさん,,대,,A
766,여름,,夏,,명,,A
3764,여름철,,夏の季節,,명,,B
2904,여보,,おーい、あなた,夫婦間で用いる呼びかけの言葉。,감,,B
3081,여보세요,,もしもし,,감,,A
17283,여섯,,6,,수,,A
146,여성,,女性,,명,女性,B
5249,여우,,狐,,명,동물,B
1994,여유,,余裕,,명,餘裕,B
84,여자,,女の人,,명,女子,A
10153,여직원,,女性職員,,명,女職員,B
5381,여쭈다,,伺う、お聞きする,「묻다」（聞く、尋ねる）の謙譲語。,동,,B
3287,여학생,,女子学生,,명,女學生,A
984,여행,,旅行,,명,旅行,A
6642,여행사,,旅行者,,명,旅行社,B
5949,여행하다,,旅行する,,동,旅行-,A
4087,역,,駅,,명,驛,A
208,역사,,歴史,,명,歷史,A
2319,역사가,,歴史家,,명,歷史家,B
2601,역사적,,歴史的,,명,歷史的,B
313,역시,,やはり,,부,亦是,B
443,역할,,役割,,명,役割,B
2219,연결되다,,連結される、つながる,,동,連結-,B
2345,연결하다,,連結する、つなぐ,,동,連結-,B
239,연구,,研究,,명,硏究,B
1950,연구소,,研究所,,명,硏究所,B
2320,연구자,,研究者,,명,硏究者,B
1566,연구하다,,研究する、いろいろやってみる,,동,硏究-,B
2364,연기01,,煙,,명,煙氣,B
1724,연기02,,演技,,명,演技,B
15856,연락처,,連絡先,,명,連絡處,B
4088,연락하다,,連絡する,,동,連絡-,B
3124,연말,,年末,,명,年末,B
15860,연세,,お年,「나이」（歳）の尊敬語。高齢者に使うことが多い。,명,年歲,B
1896,연습,,練習,,명,練習,A
5382,연습하다,,練習する,,동,練習-,A
3703,연필,,鉛筆,,명,鉛筆,A
7311,연하다,,薄い,液体の味や濃度が薄いことを示す。,형,軟-,B
4820,연휴,,連休,,명,連休,B
9266,열01,,10,,수,,A
1821,열02,,熱,,명,熱,B
287,열다,,開[あ]ける、開[ひら]く,,동,문을 ~,A
10159,열리다01,,（実が）なる,,동,열매가 ~,B
436,열리다02,,開[あ]く、開[ひら]く,,동,문이 ~,B
4143,열쇠,,鍵,,명,,A
660,열심히,,一生懸命に,,부,熱心-,A
2602,열차,,列車,,명,列車,B
5523,열흘,,10日間,,명,,B
7074,염려하다,,心配する,,동,念慮-,B
7581,엽서,,葉書,,명,葉書,B
,영국,,イギリス、英国,,고,英國,A
28312,영상,,（温度上の）プラス,,명,零上,B
1090,영어,,英語,,명,英語,A
2934,영원하다,,永遠だ,,형,永遠-,B
3540,영원히,,永遠に,,부,永遠-,B
5037,영하,,零下、（温度上の）マイナス,,명,零下,B
341,영화,,映画,,명,映畵,A
444,옆,,横,,명,,A
10162,옆방,,横の部屋,,명,#NAME?,B
6107,옆집,,横の家,,명,,B
605,예01,,はい,「네」よりも丁寧。,감,,A
452,예02,,例,,명,例,B
2009,예금,,預金,,명,預金,B
28328,예매하다,,予約する,特に、予約と同時に代金を払う場合に使う。,동,豫買-,B
1009,예쁘다,,きれいだ、可愛い,,형,,A
2690,예상,,予想,,명,豫想,B
21340,예순,,60,,수,,A
205,예술,,芸術,,명,藝術,B
1701,예술가,,芸術家,,명,藝術家,B
9271,예약,,予約,,명,豫約,B
1832,예전,,以前,,명,,B
2449,예절,,礼節,,명,禮節,B
999,예정,,予定,,명,豫定,B
1445,옛,,昔の,,관,,B
617,옛날,,昔,,명,,A
8863,옛날이야기,,昔話,,명,,B
5386,오01,,お,驚きを表す感嘆詞。,감,,B
21348,오02,,5,,수,五,A
3365,오가다,,行ったり来たりする,,동,,B
310,오늘01,,今日,,명,,A
544,오늘02,,今日,,부,,A
721,오늘날,,[今日>こんにち],,명,,B
35,오다,,来る,,동,,A
978,오래,,長い間,,부,,A
6108,오래간만,,久しぶり,,명,,A
6109,오래도록,,いつまでも、末永く,,부,,B
3046,오래되다,,古い,,동,,B
2203,오래전,,かなり前,,명,#NAME?,B
1254,오랜,,長い期間の,,관,,B
2390,오랜만,,久しぶり,,명,,A
1420,오랫동안,,長い間,,명,,B
4145,오렌지,,オレンジ,,명,orange,A
394,오르다,,上がる,,동,,A
8169,오른발,,右足,,명,,B
5651,오른손,,右手,,명,,B
1897,오른쪽,,右,,명,,A
6846,오리,,アヒル、カモ,野生種のカモと、それを家畜化したアヒルを、同じ오리 という単語で呼ぶ。アヒルを区別する場合には「집오리」（家のカモ）と呼ぶ。,명,동물,B
8865,오븐,,オーブン,,명,oven,B
1000,오빠,,女性から見た兄,,명,,A
19100,오십,,50,,수,五十,A
991,오월,,5月,,명,五月,A
7076,오이,,キュウリ,,명,,B
1193,오전,,午前,,명,午前,A
2140,오직,,ただ（～だけ、のみ）,後ろに必ず限定を示す만（だけ）や뿐（のみ）を付ける。,부,,B
2287,오징어,,[烏賊>いか],,명,,B
10167,오피스텔,,家具付きの一人暮らし用のワンルームマンション,,명,office hotel,B
606,오후,,午後,,명,午後,A
5527,옥수수,,トウモロコシ,,명,,B
1465,온,,全ての,,관,,B
2475,온도,,温度,,명,溫度,B
2268,온몸,,全身,,명,,B
2253,온통,,全て,,부,,B
669,올라가다,,上がる、上がっていく,,동,,A
1494,올라오다,,上がる、上がってくる,,동,,B
3125,올려놓다,,上げておく,,동,,B
1437,올림픽,,オリンピック,,명,Olympic,B
701,올해,,今年,,명,,A
753,옮기다,,動かす、移す,,동,,B
1172,옳다,,正しい,,형,,B
530,옷,,服,,명,,A
5252,와,,わぁ,嬉しさ、驚きを表す感嘆詞,감,,B
8867,와인,,ワイン,,명,wine,B
2507,완벽하다,,完璧だ,,형,完璧-,B
795,완전히,,完全に,,부,完全-,B
1142,왕,,王,,명,王,B
159,왜,,どうして、なぜ,,부,,A
1301,왜냐하면,,なぜなら,,부,,A
2972,왠지,,なぜか,,부,,B
892,외,,～他[ほか],,의,外,B
2346,외교,,外交,,명,外交,B
5039,외교관,,外交官,,명,外交官,B
651,외국,,外国,,명,外國,A
5040,외국어,,外国語,,명,外國語,A
1611,외국인,,外国人,,명,外國人,A
3322,외롭다,,孤独だ、寂しい,,형,,B
7078,외삼촌,,母方のおじさん,,명,外三寸,B
4718,외우다,,覚える,,동,,B
5257,외출,,外出,,명,外出,B
9714,외출하다,,外出する,,동,外出-,B
8482,외할머니,,母方の祖母,,명,外-,B
7860,왼발,,左足,,명,,B
6649,왼손,,左手,,명,,B
1822,왼쪽,,左,,명,,A
668,요구하다,,要求する,,동,要求-,B
2288,요금,,料金,,명,料金,B
1604,요리,,料理,,명,料理,A
14695,요리하다,,料理する,,동,料理-,A
3649,요새,,最近,,명,,B
7586,요일,,曜日,,명,曜日,A
2603,요즈음,,この頃,,명,,A
399,요즘,,この頃,「요즈음」を縮めて言う言葉。,명,,A
3011,요청,,要請,,명,要請,B
7587,욕실,,浴室,,명,浴室,B
2973,욕심,,欲,,명,欲心,B
2289,용돈,,小遣い,,명,用-,B
13,우리,,私たち、うちの,,대,,A
181,우리나라,,うちの国、我が国,韓国人が使う場合には韓国を示す。,명,,A
2716,우리말,,私たちの言葉,韓国人が使う場合には韓国語を示す。,명,,B
1632,우산,,雨傘,,명,雨傘,A
430,우선,,まず,,부,于先,B
4924,우수하다,,優秀だ,,형,優秀-,B
2974,우승,,優勝,,명,優勝,B
8874,우승하다,,優勝する,,동,優勝-,B
2935,우연히,,偶然に,,부,偶然-,B
5790,우울하다,,気分がパッとしない、憂鬱だ,,형,憂鬱-,B
2065,우유,,牛乳,,명,牛乳,A
5791,우체국,,郵便局,,명,郵遞局,A
12746,우표,,切手,,명,郵票,B
3012,운,,運,,명,運,B
123,운동,,運動,,명,運動,A
19150,운동복,,スポーツウェア,,명,運動服,B
2534,운동장,,運動場、グラウンド,,명,運動場,A
4822,운동하다,,運動する,,동,運動-,A
9285,운동화,,スニーカー、運動靴,,명,運動靴,A
3707,운전,,運転,,명,運轉,A
7592,운전기사,,運転士,,명,運轉技士,B
4720,운전자,,運転者,,명,運轉者,B
7864,운전하다,,運転する,,동,運轉-,A
596,울다,,泣く,,동,울음을 ~,A
1559,울리다,,鳴る,,동,종이 ~,B
,울산,,蔚山,釜山の北に位置する工業都市。,고,蔚山,B
3197,울음,,泣き、泣くこと,,명,,B
491,움직이다,,動く,,동,,B
3246,웃기다,,面白い、笑える,,동,,B
324,웃다,,笑う,,동,,A
8877,웃어른,,目上の人,,명,,B
909,웃음,,笑い、笑うこと,,명,,B
74,원,,～ウォン,韓国と北朝鮮の貨幣単位。韓国ウォンは約0.1円。,의,화폐 단위,A
1173,원래,,元々,,명,元來,B
7321,원숭이,,猿,,명,,B
10182,원피스,,ワンピース,,명,one-piece,B
903,원하다,,願う,,동,願-,B
6854,월,,～月[がつ],,의,月,A
3541,월급,,月給,,명,月給,B
6279,월드컵,,ワールドカップ,,명,World Cup,B
4823,월요일,,月曜日,,명,月曜日,A
5259,웨이터,,ウェイター,,명,waiter,B
3428,웬일,,どんなこと,,명,,B
122,위,,上,,명,~아래,A
2182,위반,,違反,,명,違反,B
9724,위아래,,上下,,명,,B
7086,위쪽,,上側,,명,,B
15946,위층,,上の階,,명,#NAME?,B
895,위치,,位置,,명,位置,B
2420,위치하다,,位置する,,동,位置-,B
33,위하다,,重んじる,,동,爲-,B
1744,위험,,危険,,명,危險,A
2141,위험하다,,危険だ,,형,危險-,A
2717,유교,,儒教,,명,儒敎,B
2604,유난히,,特に,,부,,B
,유럽,,ヨーロッパ,,고,Europe,B
3247,유리,,ガラス,,명,琉璃,B
4721,유리창,,ガラスの窓,,명,琉璃窓,B
4926,유명,,有名,,명,有名,B
1605,유명하다,,有名だ,,형,有名-,A
1080,유월,,6月,,명,六月,A
3489,유치원,,幼稚園,,명,幼稚園,B
2838,유학01,,留学,,명,留學,B
4452,유학02,,儒学,,명,儒學,B
6655,유학생,,留学生,,명,留學生,B
3542,유행,,流行,,명,流行,B
5043,유행하다,,流行する,,동,流行-,B
17406,육,,6,,수,六,A
28580,육십,,60,,수,六十,A
5045,으응,,ううん,不満や苛立ちを示す感嘆詞。,감,,B
599,은행,,銀行,,명,銀行,A
1487,음,,うーん,不満や心配を示す感嘆詞。,감,,B
2291,음료,,飲み物、飲料,,명,飮料,B
7093,음료수,,ソフトドリンク,,명,飮料水,B
395,음식,,食べ物,,명,飮食,A
586,음악,,音楽,,명,音樂,A
8499,음악가,,音楽家,,명,音樂家,B
1110,응,,うん,,감,,B
726,의견,,意見,,명,意見,B
228,의미,,意味,,명,意味,B
1394,의미하다,,意味する,,동,意味-,B
1295,의사,,医師,,명,醫師,A
2872,의심하다,,疑う,,동,疑心-,B
2292,의자,,椅子,,명,椅子,A
110,의하다,,依る,,동,依-,B
2692,이01,,歯,,명,신체,A
14,이02,,この,,관,,A
30,이03,,これ,書き言葉。,대,,A
9733,이04,,2,,수,二,A
314,이거,,これ,「이것」の話し言葉,대,,A
170,이것,,これ,,대,,A
5656,이것저것,,あれこれ,,명,,B
624,이곳,,ここ,,대,,A
9294,이곳저곳,,あちこち,,명,,B
1111,이기다,,勝つ,,동,적에게 ~,B
618,이날,,この日,,명,,B
2366,이동,,移動,,명,移動,B
13671,이따가,,少し後で,,부,,B
548,이때,,この時,,명,,A
113,이러하다,,こうだ,,형,,B
83,이런,,こんな～,,관,,A
,이렇게,,こう、このように,,불,이러하게,B
105,이렇다,,こうだ,,형,,A
322,이루다,,成す、成し遂げる,,동,,B
359,이루어지다,,実現する,,동,,B
1928,이뤄지다,,実現する,「이루어지다」の縮まった形。,동,,B
320,이르다01,,至る,,동,도착하다,B
2557,이르다02,,早い,,형,빠르다,B
241,이름,,名前,,명,,A
3545,이리,,こちらに,,부,~ 오너라,B
2476,이마,,額,,명,,B
4827,이모,,母親の姉妹,,명,姨母,B
232,이미,,既に,,부,,B
1100,이미지,,イメージ,,명,image,B
9738,이발소,,散髪屋,,명,理髮所,B
172,이번,,今回の,,명,#NAME?,A
8505,이분,,この方,,대,,A
2718,이불,,布団,,명,,B
6117,이빨,,歯,,명,,B
1953,이사,,引っ越し,,명,移徙,B
8189,이사하다,,引っ越す,,동,移徙-,B
194,이상01,,以上,,명,以上,B
2694,이상02,,理想,,명,理想,B
2117,이상03,,異常,,명,異常,B
732,이상하다,,おかしい、異常だ,,형,異常-,B
2719,이성,,理性,,명,理性,B
51771,이십,,20,,수,二十,A
197,이야기,,話,,명,,A
539,이야기하다,,話す,,동,,A
1438,이외,,以外,,명,以外,B
1642,이용,,利用,,명,利用,B
2806,이용되다,,利用される,,동,利用-,B
305,이용하다,,利用する,,동,利用-,B
951,이웃,,隣、隣人,,명,,B
5532,이웃집,,隣の家,,명,,B
1783,이월,,2月,,명,二月,A
249,이유,,理由,,명,理由,B
1412,이익,,利益,,명,利益,B
869,이전,,以前,,명,以前,B
210,이제,,今、これから、もう,過去との違いを強調する意味で用いられる「今」,부,,A
1885,이쪽,,こちら,,대,,A
2807,이튿날,,次の日,,명,,B
2422,이틀,,二日間,,명,시간,B
1965,이하,,以下,,명,以下,B
930,이해,,理解,,명,理解,B
515,이해하다,,理解する,,동,理解-,A
7339,이혼,,離婚,,명,離婚,B
10196,이혼하다,,離婚する,,동,離婚-,B
270,이후,,以降,,명,以後,B
2975,익다,,熟す、熟れる,,동,감이 ~,B
3708,익숙하다,,慣れている,,형,,B
4011,익숙해지다,,慣れる,,동,,B
102,인간,,人間,日本語の「人間」よりも客観的なニュアンスが強い。,명,人間,B
1302,인구,,人口,,명,人口,B
849,인기,,人気,,명,人氣,B
4374,인분,,～人分,,의,人分. 3~,B
1488,인사01,,人物,,명,人士,A
1204,인사02,,挨拶,,명,人事,A
8893,인사말,,挨拶の言葉,,명,人事-,B
4096,인사하다,,挨拶する,,동,人事-,A
8512,인삼,,朝鮮人参,,명,人蔘,B
15996,인삼차,,朝鮮人参茶,,명,人蔘茶,B
8513,인상01,,人相,,명,人相,B
2451,인상02,,印象,,명,印象,B
880,인생,,人生,,명,人生,B
4298,인원,,人数、人員,,명,人員,B
1594,인제,,今、これから、もう,「이제」の異なる発音。,부,,B
,인천,,仁川,ソウルの西に位置する港湾都市。海港と空港がある。,고,仁川,A
,인천공항,,仁川空港,正式名称は「인천국제공항」（仁川国際空港）,고,仁川空港,B
2452,인터넷,,インターネット,,명,internet,B
4300,인터뷰,,インタビュー,,명,interview,B
4636,인형,,人形、ぬいぐるみ,,명,人形,B
29,일01,,仕事、用事、出来事,,명,,A
7600,일02,,1,,수,一,A
41,일03,,～日[にち],,의,하루,A
17461,일곱,,7,,수,,A
7883,일기01,,天気,,명,日氣,B
3433,일기02,,日記,,명,日記,B
8191,일등,,一等,,명,一等,B
696,일반,,一般,,명,一般,B
1324,일반적,,一般的,,명,一般的,B
,일본,,日本,,고,日本,A
12030,일본어,,日本語,,명,日本語,A
398,일부,,一部,,명,一部,B
2720,일상,,日常,,명,日常,B
3014,일상생활,,日常生活,,명,日常生活,B
216,일어나다,,起きる、立ち上がる,,동,,A
1784,일요일,,日曜日,,명,日曜日,A
1725,일월,,1月,,명,一月,A
680,일으키다,,起こす,,동,,B
3083,일정,,日程,,명,日程,B
1456,일주일,,一週間,,명,一週日,A
1186,일찍,,早く,,부,,A
661,일하다,,働く,,동,,A
7343,일회용,,使い捨て,,명,一回用,B
9305,일회용품,,使い捨て用品,,명,一回用品,B
13695,일흔,,70,,수,,A
209,읽다,,読む,,동,,A
9306,읽히다,,読まれる,,동,'읽다'의 피동사,B
756,잃다,,失う,,동,,A
2606,잃어버리다,,なくしてしまう,,동,,A
1048,임금,,賃金,,명,賃金,B
2808,임시,,臨時,,명,臨時,B
1549,임신,,妊娠,,명,妊娠,B
338,입,,口,,명,,A
2165,입구,,入り口,,명,入口,B
354,입다,,着る,,동,옷을 ~,A
1679,입술,,唇,,명,,B
6293,입원,,入院,,명,入院,B
6872,입원하다,,入院する,,동,入院-,B
2012,입학,,入学,,명,入學,B
4302,입학하다,,入学する,,동,入學-,B
4,있다,,ある、いる,,형,,A
931,잊다,,忘れる,,동,,A
2905,잊어버리다,,忘れてしまう,,동,,A
1680,잎,,葉,,명,,A
1277,자,,さあ,何かを始めることを促す感嘆詞,감,,B
5264,자가용,,自家用,,명,自家用,B
2204,자격,,資格,,명,資格,B
126,자기,,自分、自己、あなた,,대,自己,B
1385,자꾸,,しょっちゅう,否定的なニュアンスを伴う。,부,,B
3654,자꾸만,,しょっちゅう,否定的なニュアンスを伴う。,부,,B
541,자다,,寝る、眠る,,동,,A
2721,자동,,自動,,명,自動,B
796,자동차,,自動車,,명,自動車,A
5139,자라나다,,育つ,,동,,B
767,자라다,,育つ,,동,커지다,B
2581,자랑스럽다,,自慢だ、誇らしい,,형,,B
2875,자랑하다,,自慢する、誇る,,동,,B
509,자료,,資料,,명,資料,B
1166,자르다,,切る,,동,,B
229,자리,,席,,명,~가 없다,A
2255,자세히,,詳しく,,부,仔細-,B
504,자식,,子ども、～奴,,명,子息,B
72,자신01,,自身、自分,,명,自身,B
2143,자신02,,自身,,명,自信,B
348,자연,,自然,,명,自然,B
924,자연스럽다,,自然だ,,형,自然-,B
757,자유,,自由,,명,自由,B
1278,자유롭다,,自由だ,,형,自由-,B
5048,자장면,,韓国式ジャージャー麺,,명,&중Zhajiangmian,A
1224,자전거,,自転車,,명,自轉車,A
674,자주,,よく、しょっちゅう、頻繁に,,부,,A
286,자체,,自体,,명,自體,B
8904,자판기,,自販機,,명,自販機,B
565,작가,,作家,,명,作家,B
1040,작년,,去年、昨年,,명,昨年,A
259,작다,,小さい,,형,,A
8198,작아지다,,小さくなる,,동,,B
884,잔,,盃、グラス,,명,盞,A
2166,잔뜩,,いっぱい,,부,,B
3710,잔치,,パーティー,,명,,B
68,잘,,よく、上手に,,부,,A
1402,잘되다,,うまくいく,,동,,B
1371,잘못01,,誤り,,명,,B
1775,잘못02,,間違って～、誤って～,,부,,B
1541,잘못되다,,間違う、誤る,,동,,B
1861,잘못하다,,間違う、誤る,,동,,B
6295,잘살다,,金持ちだ,,동,,B
6668,잘생기다,,ハンサムだ,常に過去形で用いる,형,,B
479,잘하다,,上手だ、うまい,,동,,A
640,잠,,眠り,「자다」（寝る）の名詞形。,명,,A
2582,잠깐,,ちょっとの時間,,명,,A
2608,잠들다,,寝る、寝入る,,동,,B
722,잠시,,少しの間、ちょっと,,부,暫時,A
12049,잠옷,,寝間着,,명,,B
4547,잠자다,,寝る、眠る,,동,,A
202,잡다,,掴む、捕まえる,,동,,A
6878,잡수시다,,召し上がる,「먹다」（食べる、飲む）の尊敬語。,동,,A
1862,잡지,,雑誌,,명,雜誌,A
1550,잡히다,,捕まる,,동,'잡다'의 피동사,B
925,장01,,～枚,紙など、薄く広いものを数える単位。,의,張. 종이 한 ~,A
2664,장02,,章、チャプター,,명,章,B
6296,장가,,男性が結婚すること,,명,~가다,B
12051,장갑,,手袋,,명,掌匣,B
1200,장군,,将軍,,명,將軍,B
6879,장난감,,おもちゃ,,명,,B
4152,장남,,長男,,명,長男,B
2722,장래,,将来,,명,將來,B
7605,장마,,梅雨,,명,,B
12818,장미,,[薔薇>ばら],,명,薔薇,A
2220,장사,,商売,,명,,B
1325,장소,,場所,,명,場所,A
2779,장점,,長所,,명,長點,B
6129,장학금,,奨学金,,명,奬學金,B
750,재료,,材料,,명,材料,B
1439,재미,,面白み,,명,,A
5538,재미없다,,つまらない,,형,,A
697,재미있다,,面白い,,형,,A
662,재산,,財産,,명,財産,B
9757,재작년,,一昨年,,명,再昨年,B
9758,재채기,,くしゃみ,,명,,B
6131,쟤,,あいつ、あのこ,「저 아이」を縮めた言葉。,불,저 아이,B
56,저01,,私,,대,일인칭 대명사,A
460,저02,,あの,,관,멀리 있는 대상,A
7608,저03,,あれ、あの人,文章語,대,멀리 있는 대상,A
1833,저04,,あの～,話しかける時に用いる感嘆詞,감,,B
4015,저거,,あれ,,대,,A
4304,저것,,あれ,,대,,A
52763,저곳,,あそこ,,대,,A
1692,저기,,あそこ,,대,,A
634,저녁,,夕方,,명,,A
8910,저녁때,,夕方,,명,,B
3773,저런,,あんな,,관,,B
,저렇게,,ああ、あんなに,,불,저러하게,B
3085,저렇다,,ああだ,,형,,B
6674,저리,,あちらに,,부,저곳으로,B
7897,저번,,あの時,,명,這番,B
5661,저자,,著者,,명,著者,B
2031,저쪽,,あちら,,대,,A
4016,저축,,貯蓄,,명,貯蓄,B
1245,저희,,私たち、私ども,「저」の複数形。,대,,B
363,적01,,こと,経験を表す。「한 적이 있다」は「したことがある」を意味する。,의,,B
2665,적02,,敵,,명,敵,B
2167,적극,,積極,,명,積極,B
1279,적극적,,積極的,,명,積極的,B
1334,적다01,,記す,,동,답을 ~,A
590,적다02,,少ない,,형,경험이 ~,A
2583,적당하다,,適当だ,,형,適當-,B
2780,적당히,,適当に,,부,適當-,B
1447,적어도,,少なくとも,,부,,B
8918,적어지다,,少なくなる,,동,,B
2454,적용하다,,適用する,,동,適用-,B
115,전01,,前（時間的な）,,명,前,A
534,전02,,（時間的な）前,,관,前,A
3495,전공,,専攻,,명,專攻,B
709,전국,,全国,,명,全國,B
1834,전기,,電気,,명,電氣,B
6884,전기밥솥,,電気炊飯器,,명,,B
3372,전날,,前の日,,명,前-,B
2424,전달하다,,伝達する,,동,傳達-,B
,전라도,,全羅道,韓国に八つある道（大きな地方の単位）のうちの一つ。朝鮮半島の南西部に位置する。,고,全羅道,B
1015,전문,,専門,,명,專門,B
1379,전문가,,専門家,,명,專門家,B
3202,전부,,全部,,명,全部,B
2293,전자,,電子,,명,電子,B
533,전쟁,,戦争,,명,戰爭,B
4643,전철,,電車,韓国の鉄道は都市間鉄道と都市内鉄道に二分されるが、そのうち都市内鉄道のことを指す。,명,電鐵,B
329,전체,,全体,,명,全體,B
2393,전체적,,全体的,,명,全體的,B
881,전통,,伝統,,명,傳統,B
2455,전통적,,伝統的,,명,傳統的,B
797,전하다,,伝える、渡す,,동,傳-,B
2294,전해지다,,伝わる,,동,傳-,B
496,전혀,,全く,後ろに否定表現を伴う。,부,全-,B
375,전화,,電話,,명,電話,A
7360,전화기,,電話機,,명,電話機,B
3836,전화번호,,電話番号,,명,電話番號,A
4461,전화하다,,電話する,,동,電話-,A
2510,절01,,寺,,명,사찰,B
3327,절02,,お辞儀,,명,~을 하다,B
3434,절대,,絶対,,부,絶對,B
2477,절대로,,絶対に,,부,絶對-,B
2394,절반,,半分,,명,折半,B
6676,절약하다,,節約する,,동,節約-,B
528,젊다,,若い,,형,,B
1255,젊은이,,若者,,명,,B
109,점01,,点、[黒子>ほくろ],,명,點,B
1577,점02,,～点,,의,點,B
3602,점수,,点数,,명,點數,B
2256,점심,,昼ご飯、昼ご飯の時間,,명,點心,A
9328,점심때,,昼ご飯の時間,,명,點心-,B
6132,점심시간,,昼ご飯の時間,,명,點心時間,A
8536,점원,,店員,,명,店員,B
1143,점점,,少しずつ,,부,漸漸,B
1285,점차,,少しずつ,,부,漸次,B
4234,접시,,皿,,명,,B
4550,젓가락,,箸,,명,,A
2559,젓다,,混ぜる,主に液体を撹拌するときに用いる。,동,,B
2269,정,,情,,명,情,B
9769,정거장,,～駅,鉄道の駅やバス停の数を数える単位。,명,停車場,B
7906,정답,,答え、正答,,명,正答,B
86,정도,,程度、～ぐらい,,명,程度,B
5966,정류장,,停留所,,명,停留場,A
2323,정리,,整理,,명,整理,B
1212,정리하다,,整理する,,동,整理-,B
349,정말,,本当、本当に,,부,正-,A
2425,정말로,,本当、本当に,,부,正-,B
4305,정문,,正門,,명,正門,B
435,정보,,情報,,명,情報,B
1931,정상,,頂上,,명,頂上,B
2609,정식,,正式,,명,正式,B
319,정신,,精神,,명,精神,B
2270,정신적,,精神的,,명,精神的,B
5276,정원,,庭園,,명,庭園,B
234,정치,,政治,,명,政治,B
2844,정치적,,政治的,,명,政治的,B
803,정하다,,決める,,동,定-,B
2939,정해지다,,決まる,,동,定-,B
1016,정확하다,,正確だ,,형,正確-,B
2257,정확히,,正確に,,부,正確-,B
1466,젖다,,濡れる,,동,,B
1440,제공하다,,提供する,,동,提供-,B
619,제대로,,まともに,,부,,B
1524,제목,,タイトル、題目,,명,題目,B
3547,제발,,どうか,,부,,B
3162,제법,,かなり,,부,,B
733,제일,,一番、最も,,명,第一,A
,제주도,,済州島、済州道,朝鮮半島の南西にある島。気候が温暖で観光地として人気がある。,고,濟州島,A
2976,제출하다,,提出する,,동,提出-,B
516,제품,,製品,,명,製品,B
2222,제한,,制限,,명,制限,B
2907,조각,,彫刻,,명,彫刻,B
468,조건,,条件,,명,條件,B
2324,조그맣다,,小さい,,형,,B
663,조금,,少し,,명,,A
1735,조금씩,,少しずつ,,부,,B
336,조사,,調査,,명,調査,B
885,조사하다,,調査する,,동,調査-,B
1583,조상,,祖先,,명,祖上,B
2977,조심스럽다,,気を付けている,,형,操心-,B
2666,조심하다,,気を付ける,,동,操心-,B
2610,조용하다,,静かだ,,형,,A
2047,조용히,,静かに,,부,,B
4835,조카,,甥と姪,,명,,B
9778,존댓말,,敬語,,명,尊待-,B
7913,졸다,,ウトウトする,,동,,B
2845,졸업,,卒業,,명,卒業,A
6307,졸업생,,卒業生,,명,卒業生,B
2145,졸업하다,,卒業する,,동,卒業-,A
90,좀,,ちょっと,日本語の「ちょっと」同様、依頼表現の語感を柔らかくするために用いられる。,부,조금,A
1754,좁다,,狭い,,형,,B
1810,종,,種[しゅ],,명,種,B
921,종교,,宗教,,명,宗敎,B
,종로,,鍾路,東西に伸びるソウルの繁華街。,고,鍾路,B
973,종류,,種類,,명,種類,B
2512,종업원,,従業員,,명,從業員,B
1423,종이,,紙,,명,,A
10245,종이컵,,紙コップ,,명,#NAME?,B
3499,종일,,一日中,,명,終日,B
1266,종합,,総合,,명,綜合,B
45,좋다,,良い,,형,,A
3500,좋아지다,,良くなる,,동,,B
438,좋아하다,,好きだ、好む,,동,,A
4464,좌석,,座席,,명,座席,B
2724,죄송하다,,申し訳ない,,형,罪悚-,A
2183,주01,,週,,명,週,A
2585,주02,,～週,,의,週,A
101,주다,,あげる、くれる,,동,,A
641,주로,,主に,,부,主-,B
1933,주말,,週末,,명,週末,A
2348,주머니,,ポケット,,명,,B
2699,주먹,,拳,,명,,B
5816,주무시다,,お休みになる,「자다」（寝る）の尊敬語。,동,,B
5408,주문하다,,注文する,,동,注文-,B
654,주변,,周辺,,명,周邊,B
1765,주부,,主婦、主夫,,명,主婦,B
5409,주사,,注射,,명,注射,B
4836,주소,,住所,,명,住所,A
5553,주스,,ジュース,,명,juice,A
1058,주요,,主要,,명,主要,B
743,주위,,周囲,,명,周圍,B
825,주인,,主人,日本語の「主人」とは異なり「夫」という意味はない。,명,主人,A
1310,주인공,,主人公,,명,主人公,B
503,주장하다,,主張する,,동,主張-,B
836,주제,,テーマ、主題,,명,主題,B
14862,주차,,駐車,,명,駐車,B
5143,주차장,,駐車場,,명,駐車場,B
19443,주차하다,,駐車する,,동,駐車-,B
1478,주택,,住宅,,명,住宅,B
4381,죽,,粥,,명,粥,B
231,죽다,,死ぬ,,동,굶어 ~,A
985,죽음,,死、死ぬこと,,명,,B
1215,죽이다,,殺す,,동,굶겨 ~,B
1074,준비,,準備,,명,準備,A
5554,준비되다,,準備できる,,동,準備-,B
3950,준비물,,準備物,,명,準備物,B
1107,준비하다,,準備する,,동,準備-,A
1205,줄01,,紐,,명,~로 감다,B
343,줄02,,術[すべ],主に「할 줄 알다」（する術を知っている、することができる）という可能表現で使われる。,의,방법,B
2325,줄기,,茎,,명,,B
2810,줄다,,減る,,동,,B
8219,줄무늬,,縞模様,,명,,B
896,줄이다,,減らす,,동,,B
2781,줍다,,拾う,,동,,B
66,중,,～中[ちゅう],,의,中,B
1681,중간,,中間,,명,中間,B
,중국,,中国,,고,中國,A
19454,중국어,,中国語,,명,中國語,A
11408,중국집,,中国料理店,,명,中國-,B
308,중심,,中心,,명,中心,B
5974,중요,,重要,,명,重要,B
2725,중요성,,重要性,,명,重要性,B
220,중요하다,,重要だ,,형,重要-,A
1996,중학교,,中学校,,명,中學校,A
5053,중학생,,中学生,,명,中學生,A
3250,쥐,,鼠[ねずみ],,명,동물,B
1413,쥐다,,握る,,동,주먹을 ~,B
267,즉,,即ち,,부,卽,B
2611,즉시,,即時、すぐに,,명,卽時,B
3203,즐거움,,楽しみ,,명,,B
9345,즐거워하다,,楽しむ,,동,,B
1002,즐겁다,,楽しい,,형,,A
687,즐기다,,楽しむ,,동,,B
2271,증상,,症状,,명,症狀,B
4021,증세,,症状,,명,症勢,B
688,지,,ある時期から今までの時間,「온 지 3년이 지났다」（来てから3年が過ぎた）などの形式で用いられる。,의,만난 ~ 오래되다,B
3888,지갑,,財布,,명,紙匣,A
2811,지구01,,地区,,명,地區,B
773,지구02,,地球,,명,地球,B
176,지금,,今,,명,只今,A
961,지나가다,,過ぎる、過ぎていく,,동,,B
97,지나다,,過ぎる,,동,,B
1059,지나치다,,通り過ぎる、度が過ぎる,,형,,B
1643,지난달,,先月,,명,,A
3331,지난번,,この前,,명,#NAME?,B
7371,지난주,,先週,,명,#NAME?,A
523,지난해,,昨年,「작년」よりも固い表現。,명,,B
600,지내다,,過ごす,,동,,A
2751,지다01,,（日が）落ちる,,동,해가 ~,B
3204,지다02,,負ける,,동,전쟁에 ~,B
1776,지다03,,背負う,,동,등에 ~,B
1901,지도,,地図,,명,地圖,A
1644,지르다,,（声を）大きく出す,,동,소리를 ~,B
275,지방,,地方,,명,地方,B
2478,지붕,,屋根,,명,,B
162,지역,,地域,,명,地域,B
11421,지우개,,消しゴム、黒板消し、イレーサー,文字を消すもの全般を示す。,명,,A
2812,지우다,,消す,,동,낙서를 ~,A
3298,지점,,地点,,명,地點,B
2258,지치다,,疲れる,,동,일에 ~,B
381,지키다,,守る,,동,,B
1745,지하,,地下,,명,地下,A
11424,지하도,,地下道,,명,地下道,B
1755,지하철,,地下鉄,,명,地下鐵,A
1578,직업,,職業,,명,職業,B
1187,직원,,職員,,명,職員,B
1052,직장,,職場,,명,職場,B
561,직접,,直接、手作りで,,부,直接,B
7378,진달래,,ツツジ,,명,,B
1431,진짜,,本物、本当に,,부,眞-,B
2782,진출,,進出,,명,進出,B
3018,진하다,,濃い,液体の味や濃度が濃いことを示す。,형,津-,B
1246,진행되다,,進む、進行する,,동,進行-,B
2587,진행하다,,進める、進行する,,동,進行-,B
2667,질,,質,,명,質,B
1144,질문,,質問,,명,質問,A
7634,질문하다,,質問する,,동,質問-,A
607,질서,,秩序,,명,秩序,B
2538,짐,,荷物,,명,,B
49,집,,家、料理店,,명,,A
1756,집다,,指でつまむ,,동,,B
1213,집안,,家の中,,명,,B
2243,집중,,集中,,명,集中,B
1525,짓,,行為,,명,,B
247,짓다,,建てる,,동,,B
2482,짙다,,濃い,,형,,B
9356,짜다,,塩辛い,,형,음식이 ~,A
3663,짜증,,イライラ,,명,,B
856,짧다,,短い,,형,,A
7637,짧아지다,,短くなる,,동,,B
6142,쪽01,,ページ,,명,면,B
233,쪽02,,方[ほう],,의,방향,A
6693,찌개,,チゲ鍋,肉、魚、野菜、豆腐などの具材を、スープで煮込んだ韓国の伝統的な鍋料理。,명,,A
7638,찌다,,（肉が）付く,,동,살이 ~,B
2668,찌르다,,刺す、突く,,동,,B
1188,찍다,,（判子を）押す,,동,서류에 도장을 ~,A
417,차01,,車,,명,車,A
3052,차02,,茶,,명,茶,A
2067,차갑다,,（物体・態度が）冷たい,,형,,B
7386,차남,,次男,,명,次男,B
2223,차다01,,蹴る,,동,공을 ~,B
3716,차다02,,（天候が）冷たい,,형,날씨가 ~,B
658,차례,,順序,,명,次例,B
1386,차리다,,セットする、配膳する,,동,,B
557,차이,,違い,,명,差異,B
1567,착하다,,優しい、善良である,評価するようなニュアンスがあるので、目上の人には使わない。,형,,B
4740,찬물,,冷たい水,,명,,B
622,참,,本当、まったく,,부,참으로,A
2456,참가하다,,参加する,,동,參加-,B
2813,참기름,,ゴマ油,焙煎した白ごまを圧搾して作られる。,명,,B
1053,참다,,我慢する、耐える,,동,,B
1966,참석하다,,参席する,,동,參席-,B
8562,찻잔,,ティーカップ,,명,茶盞,B
3439,창고,,倉庫,,명,倉庫,B
2033,창문,,窓,,명,窓門,A
2483,창밖,,窓の外,,명,窓-,B
191,찾다,,探す、見つける,,동,,A
1424,찾아가다,,会いに行く,,동,,B
2326,찾아내다,,探し出す、見つけ出す,,동,,B
1112,찾아보다,,探してみる,,동,,B
1023,찾아오다,,会いに来る,,동,,B
5417,채널,,チャンネル,,명,channel,B
3053,채소,,野菜,,명,菜蔬,B
1777,채우다,,埋める、満たす,,동,자리를 ~,B
215,책,,本,,명,冊,A
7640,책가방,,通学カバン,小学生～高校生が通学する時に使うカバン。リュック形式であることが多い。,명,冊-,B
10808,책방,,個人経営の小型書店,,명,冊房,B
1653,책상,,机,,명,冊床,A
758,책임,,責任,,명,責任,B
2669,책임자,,責任者,,명,責任者,B
5978,챔피언,,チャンピオン,,명,champion,B
1495,챙기다,,準備をする、世話をする,必要なものごとが不足しないように常に気を使うことを意味する。,동,,B
184,처음,,初めて,,명,,A
24937,천,,1000,,수,千,A
1683,천천히,,ゆっくり,,부,,A
4945,철,,季節,,명,계절,B
670,첫,,初めての,,관,,B
3664,첫날,,最初の日,,명,,B
1728,첫째,,1番目,,수,,A
2259,청년,,青年,,명,靑年,B
10274,청바지,,ジーンズ,,명,靑-,A
2484,청소,,掃除,,명,淸掃,A
19549,청소기,,掃除機,,명,淸掃機,B
1108,청소년,,青少年,,명,靑少年,B
4946,청소하다,,掃除する,,동,淸掃-,A
1396,체육,,体育,,명,體育,B
4241,체중,,体重,,명,體重,B
1206,쳐다보다,,じっと見る、凝視する,,동,,B
1181,초01,,～初め,,의,初,B
2034,초02,,～秒,,의,秒,B
7129,초대,,招待,,명,招待,A
5293,초대하다,,招待する,,동,招待-,A
9369,초등학교,,小学校,,명,初等學校,A
16217,초록색,,緑色,,명,草綠色,B
6147,초밥,,寿司,,명,醋-,B
9370,초보,,初歩,,명,初步,B
9811,초보자,,初心者,,명,初步者,B
9812,초청장,,招待状,,명,招請狀,B
8235,초콜릿,,チョコレート,,명,chocolate,A
1801,총장,,（総合大学の）学長,,명,總長,B
2120,촬영,,撮影,,명,撮影,B
587,최고,,最高,,명,最高,B
278,최근,,最近,,명,最近,B
1468,최대,,最大,,명,最大,B
2612,최선,,最善,,명,最善,B
2168,최소한,,最小限,,명,最小限,B
1175,최초,,最初,,명,最初,B
2426,추다,,踊る,,동,춤을 ~,A
2752,추억,,思い出,,명,追憶,B
3504,추위,,寒さ,,명,,B
1317,축구,,サッカー,,명,蹴球,A
16227,축구공,,サッカーボール,,명,蹴球-,B
2562,축제,,祭り,,명,祝祭,B
5982,축하,,祝い,,명,祝賀,B
4656,축하하다,,祝う,,동,祝賀-,A
6149,출구,,出口,,명,出口,B
4470,출근,,出勤,,명,出勤,B
5420,출근하다,,出勤する,,동,出勤-,B
2881,출발,,出発,,명,出發,B
1982,출발하다,,出発する,,동,出發-,A
2272,출연하다,,出演する,,동,出演-,B
3955,출입,,出入り,,명,出入,B
6150,출입문,,出入口,,명,出入門,B
5686,출장,,出張,,명,出張,B
1458,춤,,踊り、ダンス,,명,,A
5154,춤추다,,踊りを踊る,,동,,A
1654,춥다,,寒い,,형,,A
1595,충격,,ショック、衝撃,,명,衝擊,B
1624,충분하다,,十分だ,,형,充分-,B
1207,충분히,,十分に,,부,充分-,B
,충청도,,忠清道,韓国にある八つの道の一つ。朝鮮半島の中央部に位置する。,고,忠淸道,B
2671,취미,,趣味,,명,趣味,A
5983,취소,,キャンセル、取消し,,명,取消,B
5421,취소하다,,キャンセルする、取り消す,,동,取消-,B
4844,취직,,修飾,,명,就職,B
1113,취하다01,,取る,,동,取-,B
2225,취하다02,,酔う,,동,醉-,B
922,층,,階、層,,명,層,A
8960,치과,,歯科,,명,齒科,B
366,치다,,打つ,,동,얼굴을 ~,A
1542,치료,,治療,,명,治療,B
3718,치료하다,,治療する,,동,治療-,B
2457,치마,,スカート,,명,,A
7649,치약,,歯磨き粉,,명,齒藥,A
3134,치우다,,片付ける,,동,,B
2035,치즈,,チーズ,,명,cheese,B
147,친구,,友達,,명,親舊,A
6318,친절,,親切,,명,親切,B
3894,친절하다,,親切だ,,형,親切-,A
2458,친척,,親戚,,명,親戚,B
3209,친하다,,親しい,,형,親-,B
14947,칠,,7,,수,七,A
19607,칠십,,70,,수,七十,A
1404,칠월,,7月,,명,七月,A
10833,칠판,,黒板,,명,漆板,A
1670,침대,,ベッド、寝台,,명,寢臺,A
6319,침실,,寝室,,명,寢室,B
8589,칫솔,,歯ブラシ,,명,齒-,A
2947,칭찬,,褒めること、称賛,,명,稱讚,B
2184,카드,,カード,,명,card,A
9816,카레,,カレー,,명,curry,B
2298,카메라,,カメラ,,명,camera,A
3895,카운터,,カウンター,,명,계산대,B
2848,카페,,カフェ,,명,&프cafe,B
2273,칼,,ナイフ、包丁、刀,,명,베는 도구,A
,캐나다,,カナダ,,고,Canada,A
7134,캠퍼스,,キャンパス,,명,campus,B
886,커다랗다,,巨大だ,,형,,B
1510,커지다,,大きくなる,,동,,B
5987,커튼,,カーテン,,명,curtain,B
383,커피,,コーヒー,,명,coffee,A
282,컴퓨터,,コンピューター,,명,computer,A
1414,컵,,コップ,,명,cup,A
2427,켜다,,点ける,,동,성냥을 ~,A
4314,켜지다,,点く,,동,,B
1335,코,,鼻,,명,,A
10292,코끼리,,象,,명,,B
2428,코너,,コーナー,,명,corner,B
7939,코피,,鼻血,,명,,B
10293,콘서트,,コンサート,,명,concert,B
5567,콜라,,コーラ,,명,cola,A
2849,콤플렉스,,コンプレックス,,명,complex,B
2226,콩,,大豆,,명,,B
4027,콩나물,,大豆もやし,,명,,B
1054,크기,,大きさ,,명,,B
39,크다01,,大きい,,형,,A
2726,크다02,,大きくなる、成長する,,동,,A
10839,크리스마스,,クリスマス,,명,Christmas,A
8591,큰길,,大きな道,,명,,B
10294,큰소리,,大きな声,,명,,B
2245,큰일,,大変なこと,,명,중대한 일,B
1124,키,,背,,명,신장,A
980,키우다,,育てる,,동,,B
9823,킬로,,～キロ,,의,kilo,B
2784,킬로그램,,～キログラム,,의,kilogram,B
1997,킬로미터,,～キロメートル,,의,kilometer,B
260,타다,,乗る,,동,버스에 ~,A
2613,탑,,塔,,명,塔,B
6321,태권도,,テコンドー,蹴りを主体とする韓国の格闘技。,명,跆拳道,A
741,태도,,態度,,명,態度,B
1767,태양,,太陽,,명,太陽,B
684,태어나다,,生まれる,,동,,A
2910,태우다01,,燃やす,,동,쓰레기를 ~,B
4389,태우다02,,乗せる,,동,차에 ~,B
4748,태풍,,台風,,명,颱風,B
1824,택시,,タクシー,,명,taxi,A
2727,탤런트,,タレント,,명,talent,B
364,터,,～ところ,,의,,B
7136,터널,,トンネル,,명,tunnel,B
2563,터뜨리다,,割る、破裂させる,,동,,B
8250,터미널,,ターミナル,,명,terminal,B
3252,턱,,顎,,명,신체의 일부,B
3057,털,,毛,,명,,B
2701,털다,,払う,,동,,B
5157,테니스,,テニス,,명,tennis,A
8964,테스트,,テスト,,명,test,B
2639,테이블,,テーブル,,명,table,A
3093,테이프,,テープ,,명,tape,B
940,텔레비전,,テレビジョン,,명,television,A
4567,토끼,,兎,,명,,B
1912,토론,,討論,,명,討論,B
3505,토마토,,トマト,,명,tomato,B
2327,토요일,,土曜日,,명,土曜日,A
1286,톤,,トン,,의,ton,B
2814,통01,,容器、ケース,,명,桶,B
7138,통02,,～通[つう],,의,通,B
904,통신,,通信,,명,通信,B
645,통일,,統一,,명,統一,B
3611,통장,,通帳,,명,通帳,B
78,통하다,,通じる,,동,通-,B
5690,퇴근,,退社,仕事を終えて帰宅すること。,명,退勤,B
8968,퇴근하다,,退社する,仕事を終えて帰宅する。,동,退勤-,B
1145,특별,,特別,,명,特別,B
1693,특별하다,,特別だ,,형,特別-,B
2728,특별히,,特別に,,부,特別-,B
829,특징,,特徴,,명,特徵,B
192,특히,,特に,,부,特-,B
2948,튼튼하다,,しっかりしている,,형,,B
2122,틀다,,ひねる、（スイッチを）入れる,,동,,B
1837,틀리다,,間違っている,,동,답이 ~,B
1768,틀림없다,,間違いなし,,형,,B
971,티브이,,テレビ,,명,TV,A
9830,티셔츠,,Tシャツ,,명,T-shirts,B
664,팀,,チーム,,명,team,A
3447,파,,葱[ねぎ],,명,식물,B
1998,파도,,波,,명,波濤,B
12965,파란색,,青,,명,#NAME?,A
3506,파랗다,,青い,,형,,B
,파리01,,パリ,,고,Paris,B
5158,파리02,,蠅[はえ],,명,,B
3335,파일,,ファイル,,명,file,B
4849,파티,,パーティー,,명,party,A
1146,판단,,判断,,명,判斷,B
1280,판매,,販売,,명,販賣,B
3058,판매하다,,販売する,,동,販賣-,B
957,팔01,,腕,,명,신체의 일부,A
16291,팔02,,8,,수,八,A
657,팔다,,売る,,동,,A
3253,팔리다,,売れる,,동,,B
29719,팔십,,80,,수,八十,A
1527,팔월,,8月,,명,八月,A
5301,패션,,ファッション,,명,fashion,B
4317,팩,,パック,,명,pack,B
5992,팬01,,ファン,,명,애호가,B
2816,팬02,,パン,,명,pan,B
7407,팬티,,パンツ,男女を問わず下着のパンツを意味する。,명,panties,B
124,퍼센트,,パーセント,,의,percent,A
916,펴다,,伸ばす,,동,,B
942,편,,～篇,,의,篇,B
2300,편리하다,,便利だ,,형,便利-,B
2397,편안하다,,心地よい,身体的、心理的にストレスがなく、リラックスできる状態にあること。,형,便安-,B
952,편지,,手紙,,명,便紙,A
1449,편하다,,心地よい,身体的、心理的にストレスがなく、リラックスできる状態にあること。,형,便-,B
7409,편히,,心地よく,,부,便-,B
2169,펼쳐지다,,繰り広げられる,,동,,B
2785,평범하다,,平凡だ,,형,平凡-,B
2185,평생,,一生,,명,平生,B
1469,평소,,普段、平素,,명,平素,B
10314,평일,,平日,,명,平日,B
1373,평화,,平和,,명,平和,B
1501,포기하다,,諦める,,동,抛棄-,B
8603,포도,,ブドウ,,명,葡萄,A
4170,포도주,,葡萄酒,,명,葡萄酒,B
5159,포스터,,ポスター,,명,poster,B
4246,포장,,包むこと、包装,,명,包裝,B
2148,포함되다,,含まれる,,동,包含-,B
1128,포함하다,,含む,,동,包含-,B
1543,폭,,幅,,명,幅,B
2090,표,,チケット、切符,,명,票,A
4318,표시하다,,表示する,,동,表示-,B
396,표정,,表情,,명,表情,B
524,표현,,表現,,명,表現,B
730,표현하다,,表現する,,동,表現-,B
1227,푸르다,,青い,,형,,B
4478,푹,,ぐっすり,,부,,B
6157,풀01,,糊[のり],,명,~을 바르다,B
2539,풀02,,草,,명,~을 베다,B
558,풀다,,解く、放つ、解放する,,동,,B
1737,풀리다,,解ける、放たれる、解放される,,동,,B
2398,풍경,,風景,,명,風景,B
,프랑스,,フランス,,고,France,A
1769,프로01,,プロ,,명,professional,B
2786,프로02,,番組,「프로그램」の省略語。,명,program,B
356,프로그램,,番組,,명,program,B
5572,플라스틱,,プラスチック,,명,plastic,B
1811,피,,血,,명,~를 흘리다,B
2641,피곤하다,,疲れる,,형,疲困-,A
1770,피다,,咲く,,동,꽃이 ~,B
3135,피로,,疲労,,명,疲勞,B
8981,피로하다,,疲労する,,형,疲勞-,B
1194,피부,,皮膚,,명,皮膚,B
2984,피시,,コンピューター、PC,,명,PC,B
4572,피아노,,ピアノ,,명,piano,A
1239,피우다,,（タバコを）吸う,,동,,A
8264,피자,,ピザ,,명,&이pizza,A
6159,필름,,フィルム,,명,film,B
342,필요,,必要,,명,必要,A
251,필요하다,,必要だ、要る,,형,必要-,A
19748,필통,,筆箱,,명,筆筒,B
119,하나,,1,,수,,A
344,하늘,,空,,명,,A
2,하다,,する,,동,,A
361,하루,,一日,,명,,B
3898,하숙집,,下宿,,명,下宿-,B
57151,하얀색,,白,,명,#NAME?,B
1528,하얗다,,白い,,형,,B
2753,하여튼,,とにかく,,부,何如-,B
467,하지만,,でも、しかし,,부,,A
6928,하품,,あくび,,명,,B
3255,하하,,はは,笑い声。,부,,B
125,학교,,学校,,명,學校,A
2515,학기,,学期,,명,學期,B
512,학년,,学年、～年生,,명,學年,A
238,학생,,学生、生徒,日本語の「学生」は主に大学生を指すが、韓国語の「학생」は小学生から大学生までを指す。,명,學生,A
19755,학생증,,学生証,,명,學生證,B
2564,학습,,学習,,명,學習,B
3451,학원,,学習塾、教室、道場,学校以外の場所で何かを教えてくれる場所は全て「학원」という。勉強、スポーツ、美術、楽器、運転、資格試験などの「학원」がある。,명,學院,B
27,한,,一つの～,,관,,A
,한강,,漢江,韓国の首都、ソウルを東から西に流れる大きな川。,고,漢江,A
,한국,,韓国,,고,韓國,A
6930,한국말,,韓国語,,명,韓國-,A
2642,한국어,,韓国語,,명,韓國語,A
8267,한국적,,韓国的,,명,韓國的,B
1267,한글,,ハングル,,명,,A
2274,한꺼번에,,一緒に,,부,,B
2516,한동안,,ある程度の時間,,명,,B
1712,한두,,１，２個の,,관,,B
9855,한둘,,１，２,,,수,,B
,한라산,,漢拏山,済州島中央部に位置する火山。,고,漢拏山,B
382,한번,,（機会があるときに）一度,,명,#NAME?,A
2614,한복,,韓服,韓国の伝統的な衣装。,명,韓服,A
2227,한숨,,[溜息>ためいき],,명,~을 쉬다,B
2643,한자,,漢字,,명,漢字,A
5067,한잔,,一杯,,명,#NAME?,B
6507,한잔하다,,一杯やる,,동,­盞-,B
1511,한쪽,,1ページ,,명,,B
1612,한참,,けっこうな時間,,명,,B
635,한편,,一方,,부,#NAME?,B
536,할머니,,おばあさん,,명,,A
682,할아버지,,おじいさん,,명,,A
7958,할인,,割引,,명,割引,B
95,함께,,共に,,부,,A
2754,함부로,,むやみやたらと,,부,,B
6725,합격,,合格,,명,合格,B
2817,합치다,,合わせる,,동,合-,B
754,항상,,いつも、常に,,부,恒常,A
755,해01,,日[ひ]、太陽,,명,,A
1551,해02,,～年[とし],,의,,A
1968,해결,,解決,,명,解決,B
1147,해결하다,,解決する,,동,解決-,B
2540,해마다,,毎年、年ごとに,,부,,B
2911,해석,,解釈、翻訳,,명,解釋,B
1387,해외,,海外,,명,海外,B
9409,해외여행,,海外旅行,,명,海外旅行,B
10334,핸드폰,,携帯電話,,명,hand phone,A
6340,햄버거,,ハンバーガー,,명,hamburger,A
4751,햇볕,,太陽の温かみ,,명,,B
2949,햇빛,,太陽の光,,명,,B
2489,햇살,,太陽の光線,,명,,B
445,행동,,行動,,명,行動,B
2429,행동하다,,行動する,,동,行動-,B
1969,행복,,幸福,,명,幸福,B
1891,행복하다,,幸せだ、幸福だ,,형,幸福-,B
1138,행사,,行事,,명,行事,B
2755,향기,,香り,,명,香氣,B
4393,향수,,香水,,명,香水,B
419,향하다,,向かう,,동,向-,B
1082,허리,,腰,,명,,A
2882,허용하다,,許容する,,동,許容-,B
4956,헌,,古くてボロボロの,,관,,B
2228,헤어지다,,分かれる,,동,,B
2260,혀,,舌,,명,,B
4249,현관,,玄関,,명,玄關,B
2302,현금,,現金,,명,現金,B
553,현대,,現代,,명,現代,B
411,현재,,現在,,부,現在,B
2756,현지,,現地,,명,現地,B
702,형,,（男性から見た）兄,,명,兄,A
1318,형님,,兄貴,,명,兄-,B
3257,형부,,妻の姉の夫,,명,兄夫,B
2107,형제,,兄弟,,명,兄弟,B
1544,호,,～号,,의,號,A
2150,호랑이,,虎,,명,虎狼-,B
6166,호선,,～号線,,의,號線. 1~,B
4252,호수,,湖,,명,湖水,B
,호주,,オーストラリア,,고,濠洲,A
2460,호텔,,ホテル,,명,hotel,A
936,혹은,,もしくは,,부,或-,B
367,혼자,,一人,,명,,A
8626,홈페이지,,ホームページ,,명,homepage,B
15078,홍차,,紅茶,,명,紅茶,B
1714,화,,怒り,,명,~를 내다,A
3172,화가,,画家,,명,畵家,B
8998,화나다,,怒る,,동,火-,B
2108,화려하다,,派手だ,,형,華麗-,B
3340,화분,,植木鉢,,명,花盆,B
13987,화요일,,火曜日,,명,火曜日,A
1904,화장실,,トイレ,,명,化粧室,A
1936,화장품,,化粧品,,명,化粧品,B
2674,확대되다,,拡大される,,동,擴大-,B
2261,확대하다,,拡大する,,동,擴大-,B
1561,확실하다,,確実だ,,형,確實-,B
2399,확실히,,確実に,,부,確實-,B
2788,확인,,確認,,명,確認,B
905,확인하다,,確認する,,동,確認-,B
7153,환갑,,還暦,,명,還甲,B
281,환경,,環境,,명,環境,B
8282,환영,,歓迎,,명,歡迎,B
689,환자,,患者,,명,患者,A
309,활동,,活動,,명,活動,B
2615,활동하다,,活動する,,동,活動-,B
2304,활발하다,,活発だ,,형,活潑-,B
1746,활용하다,,活用する,,동,活用-,B
3022,회복하다,,回復する,,동,回復-,B
389,회사,,会社,,명,會社,A
3964,회색,,灰色,,명,灰色,B
1730,회원,,会員,,명,會員,B
537,회의,,会議,,명,會議,A
612,회장,,会長,,명,會長,B
5700,회화,,絵画,,명,繪畵,B
8633,횡단보도,,横断歩道,,명,橫斷步道,B
566,효과,,効果,,명,效果,B
149,후,,後,,명,後,A
2541,후배,,後輩,,명,後輩,B
2262,후춧가루,,胡椒の粉,,명,,B
5166,후회하다,,後悔する,,동,後悔-,B
966,훌륭하다,,素晴らしい,,형,,B
642,훨씬,,ずっと,,부,,B
2542,휴가,,休暇,,명,休暇,B
5070,휴일,,休日,,명,休日,A
6169,휴지,,トイレットペーパー、ティッシュペーパー,,명,休紙,A
10353,휴지통,,ゴミ箱,,명,休紙桶,A
459,흐르다,,流れる,,동,,B
5845,흐리다,,曇っている,,형,날이 ~,B
1234,흔들다,,揺れる,,동,,B
1004,흔히,,よく、一般的に,,부,,B
3023,흘러가다,,流れる、流れていく,,동,,B
2985,흘러나오다,,流れ出る、流れ出てくる,,동,,B
1308,흘리다,,流す、こぼす,,동,,B
1715,흙,,土,,명,,B
3024,흥미,,興味,,명,興味,B
1366,희다,,白い,,형,,B
1529,희망,,希望,,명,希望,B
1999,흰색,,白,,명,#NAME?,A
224,힘,,力,,명,,A
489,힘들다,,きつい、つらい,,형,,A
